-- MySQL dump 10.13  Distrib 8.0.34, for Win64 (x86_64)
--
-- Host: localhost    Database: security
-- ------------------------------------------------------
-- Server version	8.0.34

/*!40101 SET @OLD_CHARACTER_SET_CLIENT=@@CHARACTER_SET_CLIENT */;
/*!40101 SET @OLD_CHARACTER_SET_RESULTS=@@CHARACTER_SET_RESULTS */;
/*!40101 SET @OLD_COLLATION_CONNECTION=@@COLLATION_CONNECTION */;
/*!50503 SET NAMES utf8 */;
/*!40103 SET @OLD_TIME_ZONE=@@TIME_ZONE */;
/*!40103 SET TIME_ZONE='+00:00' */;
/*!40014 SET @OLD_UNIQUE_CHECKS=@@UNIQUE_CHECKS, UNIQUE_CHECKS=0 */;
/*!40014 SET @OLD_FOREIGN_KEY_CHECKS=@@FOREIGN_KEY_CHECKS, FOREIGN_KEY_CHECKS=0 */;
/*!40101 SET @OLD_SQL_MODE=@@SQL_MODE, SQL_MODE='NO_AUTO_VALUE_ON_ZERO' */;
/*!40111 SET @OLD_SQL_NOTES=@@SQL_NOTES, SQL_NOTES=0 */;

--
-- Table structure for table `error`
--

DROP TABLE IF EXISTS `error`;
/*!40101 SET @saved_cs_client     = @@character_set_client */;
/*!50503 SET character_set_client = utf8mb4 */;
CREATE TABLE `error` (
  `id` bigint NOT NULL AUTO_INCREMENT,
  `error_message` varchar(255) DEFAULT NULL,
  `error_stack_trace` longtext,
  `timestamp` date DEFAULT NULL,
  PRIMARY KEY (`id`)
) ENGINE=InnoDB AUTO_INCREMENT=10 DEFAULT CHARSET=utf8mb4 COLLATE=utf8mb4_0900_ai_ci;
/*!40101 SET character_set_client = @saved_cs_client */;

--
-- Dumping data for table `error`
--

LOCK TABLES `error` WRITE;
/*!40000 ALTER TABLE `error` DISABLE KEYS */;
INSERT INTO `error` VALUES (1,'Cannot invoke \"String.isBlank()\" because the return value of \"com.swagger.swagger.dto.SignUpDto.getUsername()\" is null','[com.swagger.swagger.controller.AuthController.register(AuthController.java:83), java.base/jdk.internal.reflect.NativeMethodAccessorImpl.invoke0(Native Method), java.base/jdk.internal.reflect.NativeMethodAccessorImpl.invoke(NativeMethodAccessorImpl.java:77), java.base/jdk.internal.reflect.DelegatingMethodAccessorImpl.invoke(DelegatingMethodAccessorImpl.java:43), java.base/java.lang.reflect.Method.invoke(Method.java:568), org.springframework.web.method.support.InvocableHandlerMethod.doInvoke(InvocableHandlerMethod.java:255), org.springframework.web.method.support.InvocableHandlerMethod.invokeForRequest(InvocableHandlerMethod.java:188), org.springframework.web.servlet.mvc.method.annotation.ServletInvocableHandlerMethod.invokeAndHandle(ServletInvocableHandlerMethod.java:118), org.springframework.web.servlet.mvc.method.annotation.RequestMappingHandlerAdapter.invokeHandlerMethod(RequestMappingHandlerAdapter.java:926), org.springframework.web.servlet.mvc.method.annotation.RequestMappingHandlerAdapter.handleInternal(RequestMappingHandlerAdapter.java:831), org.springframework.web.servlet.mvc.method.AbstractHandlerMethodAdapter.handle(AbstractHandlerMethodAdapter.java:87), org.springframework.web.servlet.DispatcherServlet.doDispatch(DispatcherServlet.java:1089), org.springframework.web.servlet.DispatcherServlet.doService(DispatcherServlet.java:979), org.springframework.web.servlet.FrameworkServlet.processRequest(FrameworkServlet.java:1014), org.springframework.web.servlet.FrameworkServlet.doPost(FrameworkServlet.java:914), jakarta.servlet.http.HttpServlet.service(HttpServlet.java:590), org.springframework.web.servlet.FrameworkServlet.service(FrameworkServlet.java:885), jakarta.servlet.http.HttpServlet.service(HttpServlet.java:658), org.apache.catalina.core.ApplicationFilterChain.internalDoFilter(ApplicationFilterChain.java:206), org.apache.catalina.core.ApplicationFilterChain.doFilter(ApplicationFilterChain.java:150), org.apache.tomcat.websocket.server.WsFilter.doFilter(WsFilter.java:51), org.apache.catalina.core.ApplicationFilterChain.internalDoFilter(ApplicationFilterChain.java:175), org.apache.catalina.core.ApplicationFilterChain.doFilter(ApplicationFilterChain.java:150), org.springframework.web.filter.OncePerRequestFilter.doFilter(OncePerRequestFilter.java:110), org.apache.catalina.core.ApplicationFilterChain.internalDoFilter(ApplicationFilterChain.java:175), org.apache.catalina.core.ApplicationFilterChain.doFilter(ApplicationFilterChain.java:150), org.springframework.web.servlet.resource.ResourceUrlEncodingFilter.doFilter(ResourceUrlEncodingFilter.java:66), org.apache.catalina.core.ApplicationFilterChain.internalDoFilter(ApplicationFilterChain.java:175), org.apache.catalina.core.ApplicationFilterChain.doFilter(ApplicationFilterChain.java:150), org.springframework.web.filter.CompositeFilter$VirtualFilterChain.doFilter(CompositeFilter.java:108), org.springframework.security.web.FilterChainProxy.lambda$doFilterInternal$3(FilterChainProxy.java:231), org.springframework.security.web.FilterChainProxy$VirtualFilterChain.doFilter(FilterChainProxy.java:365), org.springframework.security.web.access.intercept.AuthorizationFilter.doFilter(AuthorizationFilter.java:100), org.springframework.security.web.FilterChainProxy$VirtualFilterChain.doFilter(FilterChainProxy.java:374), org.springframework.security.web.access.ExceptionTranslationFilter.doFilter(ExceptionTranslationFilter.java:126), org.springframework.security.web.access.ExceptionTranslationFilter.doFilter(ExceptionTranslationFilter.java:120), org.springframework.security.web.FilterChainProxy$VirtualFilterChain.doFilter(FilterChainProxy.java:374), org.springframework.security.web.session.SessionManagementFilter.doFilter(SessionManagementFilter.java:131), org.springframework.security.web.session.SessionManagementFilter.doFilter(SessionManagementFilter.java:85), org.springframework.security.web.FilterChainProxy$VirtualFilterChain.doFilter(FilterChainProxy.java:374), org.springframework.security.web.authentication.AnonymousAuthenticationFilter.doFilter(AnonymousAuthenticationFilter.java:100), org.springframework.security.web.FilterChainProxy$VirtualFilterChain.doFilter(FilterChainProxy.java:374), org.springframework.security.web.servletapi.SecurityContextHolderAwareRequestFilter.doFilter(SecurityContextHolderAwareRequestFilter.java:179), org.springframework.security.web.FilterChainProxy$VirtualFilterChain.doFilter(FilterChainProxy.java:374), org.springframework.security.web.savedrequest.RequestCacheAwareFilter.doFilter(RequestCacheAwareFilter.java:63), org.springframework.security.web.FilterChainProxy$VirtualFilterChain.doFilter(FilterChainProxy.java:374), com.swagger.swagger.jwt.JwtFilter.doFilterInternal(JwtFilter.java:42), org.springframework.web.filter.OncePerRequestFilter.doFilter(OncePerRequestFilter.java:116), org.springframework.security.web.FilterChainProxy$VirtualFilterChain.doFilter(FilterChainProxy.java:374), org.springframework.security.web.authentication.logout.LogoutFilter.doFilter(LogoutFilter.java:107), org.springframework.security.web.authentication.logout.LogoutFilter.doFilter(LogoutFilter.java:93), org.springframework.security.web.FilterChainProxy$VirtualFilterChain.doFilter(FilterChainProxy.java:374), org.springframework.security.web.header.HeaderWriterFilter.doHeadersAfter(HeaderWriterFilter.java:90), org.springframework.security.web.header.HeaderWriterFilter.doFilterInternal(HeaderWriterFilter.java:75), org.springframework.web.filter.OncePerRequestFilter.doFilter(OncePerRequestFilter.java:116), org.springframework.security.web.FilterChainProxy$VirtualFilterChain.doFilter(FilterChainProxy.java:374), org.springframework.security.web.context.SecurityContextHolderFilter.doFilter(SecurityContextHolderFilter.java:82), org.springframework.security.web.context.SecurityContextHolderFilter.doFilter(SecurityContextHolderFilter.java:69), org.springframework.security.web.FilterChainProxy$VirtualFilterChain.doFilter(FilterChainProxy.java:374), org.springframework.security.web.context.request.async.WebAsyncManagerIntegrationFilter.doFilterInternal(WebAsyncManagerIntegrationFilter.java:62), org.springframework.web.filter.OncePerRequestFilter.doFilter(OncePerRequestFilter.java:116), org.springframework.security.web.FilterChainProxy$VirtualFilterChain.doFilter(FilterChainProxy.java:374), org.springframework.security.web.session.DisableEncodeUrlFilter.doFilterInternal(DisableEncodeUrlFilter.java:42), org.springframework.web.filter.OncePerRequestFilter.doFilter(OncePerRequestFilter.java:116), org.springframework.security.web.FilterChainProxy$VirtualFilterChain.doFilter(FilterChainProxy.java:374), org.springframework.security.web.FilterChainProxy.doFilterInternal(FilterChainProxy.java:233), org.springframework.security.web.FilterChainProxy.doFilter(FilterChainProxy.java:191), org.springframework.web.filter.CompositeFilter$VirtualFilterChain.doFilter(CompositeFilter.java:113), org.springframework.web.servlet.handler.HandlerMappingIntrospector.lambda$createCacheFilter$3(HandlerMappingIntrospector.java:195), org.springframework.web.filter.CompositeFilter$VirtualFilterChain.doFilter(CompositeFilter.java:113), org.springframework.web.filter.CompositeFilter.doFilter(CompositeFilter.java:74), org.springframework.security.config.annotation.web.configuration.WebMvcSecurityConfiguration$CompositeFilterChainProxy.doFilter(WebMvcSecurityConfiguration.java:230), org.springframework.web.filter.DelegatingFilterProxy.invokeDelegate(DelegatingFilterProxy.java:352), org.springframework.web.filter.DelegatingFilterProxy.doFilter(DelegatingFilterProxy.java:268), org.apache.catalina.core.ApplicationFilterChain.internalDoFilter(ApplicationFilterChain.java:175), org.apache.catalina.core.ApplicationFilterChain.doFilter(ApplicationFilterChain.java:150), org.springframework.web.filter.RequestContextFilter.doFilterInternal(RequestContextFilter.java:100), org.springframework.web.filter.OncePerRequestFilter.doFilter(OncePerRequestFilter.java:116), org.apache.catalina.core.ApplicationFilterChain.internalDoFilter(ApplicationFilterChain.java:175), org.apache.catalina.core.ApplicationFilterChain.doFilter(ApplicationFilterChain.java:150), org.springframework.web.filter.FormContentFilter.doFilterInternal(FormContentFilter.java:93), org.springframework.web.filter.OncePerRequestFilter.doFilter(OncePerRequestFilter.java:116), org.apache.catalina.core.ApplicationFilterChain.internalDoFilter(ApplicationFilterChain.java:175), org.apache.catalina.core.ApplicationFilterChain.doFilter(ApplicationFilterChain.java:150), org.springframework.web.filter.CharacterEncodingFilter.doFilterInternal(CharacterEncodingFilter.java:201), org.springframework.web.filter.OncePerRequestFilter.doFilter(OncePerRequestFilter.java:116), org.apache.catalina.core.ApplicationFilterChain.internalDoFilter(ApplicationFilterChain.java:175), org.apache.catalina.core.ApplicationFilterChain.doFilter(ApplicationFilterChain.java:150), org.apache.catalina.core.StandardWrapperValve.invoke(StandardWrapperValve.java:167), org.apache.catalina.core.StandardContextValve.invoke(StandardContextValve.java:90), org.apache.catalina.authenticator.AuthenticatorBase.invoke(AuthenticatorBase.java:482), org.apache.catalina.core.StandardHostValve.invoke(StandardHostValve.java:115), org.apache.catalina.valves.ErrorReportValve.invoke(ErrorReportValve.java:93), org.apache.catalina.core.StandardEngineValve.invoke(StandardEngineValve.java:74), org.apache.catalina.connector.CoyoteAdapter.service(CoyoteAdapter.java:344), org.apache.coyote.http11.Http11Processor.service(Http11Processor.java:391), org.apache.coyote.AbstractProcessorLight.process(AbstractProcessorLight.java:63), org.apache.coyote.AbstractProtocol$ConnectionHandler.process(AbstractProtocol.java:896), org.apache.tomcat.util.net.NioEndpoint$SocketProcessor.doRun(NioEndpoint.java:1736), org.apache.tomcat.util.net.SocketProcessorBase.run(SocketProcessorBase.java:52), org.apache.tomcat.util.threads.ThreadPoolExecutor.runWorker(ThreadPoolExecutor.java:1191), org.apache.tomcat.util.threads.ThreadPoolExecutor$Worker.run(ThreadPoolExecutor.java:659), org.apache.tomcat.util.threads.TaskThread$WrappingRunnable.run(TaskThread.java:63), java.base/java.lang.Thread.run(Thread.java:842)]','2024-05-19'),(2,'Cannot invoke \"String.isBlank()\" because the return value of \"com.swagger.swagger.dto.SignUpDto.getUsername()\" is null','[com.swagger.swagger.controller.AuthController.register(AuthController.java:83), java.base/jdk.internal.reflect.NativeMethodAccessorImpl.invoke0(Native Method), java.base/jdk.internal.reflect.NativeMethodAccessorImpl.invoke(NativeMethodAccessorImpl.java:77), java.base/jdk.internal.reflect.DelegatingMethodAccessorImpl.invoke(DelegatingMethodAccessorImpl.java:43), java.base/java.lang.reflect.Method.invoke(Method.java:568), org.springframework.web.method.support.InvocableHandlerMethod.doInvoke(InvocableHandlerMethod.java:255), org.springframework.web.method.support.InvocableHandlerMethod.invokeForRequest(InvocableHandlerMethod.java:188), org.springframework.web.servlet.mvc.method.annotation.ServletInvocableHandlerMethod.invokeAndHandle(ServletInvocableHandlerMethod.java:118), org.springframework.web.servlet.mvc.method.annotation.RequestMappingHandlerAdapter.invokeHandlerMethod(RequestMappingHandlerAdapter.java:926), org.springframework.web.servlet.mvc.method.annotation.RequestMappingHandlerAdapter.handleInternal(RequestMappingHandlerAdapter.java:831), org.springframework.web.servlet.mvc.method.AbstractHandlerMethodAdapter.handle(AbstractHandlerMethodAdapter.java:87), org.springframework.web.servlet.DispatcherServlet.doDispatch(DispatcherServlet.java:1089), org.springframework.web.servlet.DispatcherServlet.doService(DispatcherServlet.java:979), org.springframework.web.servlet.FrameworkServlet.processRequest(FrameworkServlet.java:1014), org.springframework.web.servlet.FrameworkServlet.doPost(FrameworkServlet.java:914), jakarta.servlet.http.HttpServlet.service(HttpServlet.java:590), org.springframework.web.servlet.FrameworkServlet.service(FrameworkServlet.java:885), jakarta.servlet.http.HttpServlet.service(HttpServlet.java:658), org.apache.catalina.core.ApplicationFilterChain.internalDoFilter(ApplicationFilterChain.java:206), org.apache.catalina.core.ApplicationFilterChain.doFilter(ApplicationFilterChain.java:150), org.apache.tomcat.websocket.server.WsFilter.doFilter(WsFilter.java:51), org.apache.catalina.core.ApplicationFilterChain.internalDoFilter(ApplicationFilterChain.java:175), org.apache.catalina.core.ApplicationFilterChain.doFilter(ApplicationFilterChain.java:150), org.springframework.web.filter.OncePerRequestFilter.doFilter(OncePerRequestFilter.java:110), org.apache.catalina.core.ApplicationFilterChain.internalDoFilter(ApplicationFilterChain.java:175), org.apache.catalina.core.ApplicationFilterChain.doFilter(ApplicationFilterChain.java:150), org.springframework.web.servlet.resource.ResourceUrlEncodingFilter.doFilter(ResourceUrlEncodingFilter.java:66), org.apache.catalina.core.ApplicationFilterChain.internalDoFilter(ApplicationFilterChain.java:175), org.apache.catalina.core.ApplicationFilterChain.doFilter(ApplicationFilterChain.java:150), org.springframework.web.filter.CompositeFilter$VirtualFilterChain.doFilter(CompositeFilter.java:108), org.springframework.security.web.FilterChainProxy.lambda$doFilterInternal$3(FilterChainProxy.java:231), org.springframework.security.web.FilterChainProxy$VirtualFilterChain.doFilter(FilterChainProxy.java:365), org.springframework.security.web.access.intercept.AuthorizationFilter.doFilter(AuthorizationFilter.java:100), org.springframework.security.web.FilterChainProxy$VirtualFilterChain.doFilter(FilterChainProxy.java:374), org.springframework.security.web.access.ExceptionTranslationFilter.doFilter(ExceptionTranslationFilter.java:126), org.springframework.security.web.access.ExceptionTranslationFilter.doFilter(ExceptionTranslationFilter.java:120), org.springframework.security.web.FilterChainProxy$VirtualFilterChain.doFilter(FilterChainProxy.java:374), org.springframework.security.web.session.SessionManagementFilter.doFilter(SessionManagementFilter.java:131), org.springframework.security.web.session.SessionManagementFilter.doFilter(SessionManagementFilter.java:85), org.springframework.security.web.FilterChainProxy$VirtualFilterChain.doFilter(FilterChainProxy.java:374), org.springframework.security.web.authentication.AnonymousAuthenticationFilter.doFilter(AnonymousAuthenticationFilter.java:100), org.springframework.security.web.FilterChainProxy$VirtualFilterChain.doFilter(FilterChainProxy.java:374), org.springframework.security.web.servletapi.SecurityContextHolderAwareRequestFilter.doFilter(SecurityContextHolderAwareRequestFilter.java:179), org.springframework.security.web.FilterChainProxy$VirtualFilterChain.doFilter(FilterChainProxy.java:374), org.springframework.security.web.savedrequest.RequestCacheAwareFilter.doFilter(RequestCacheAwareFilter.java:63), org.springframework.security.web.FilterChainProxy$VirtualFilterChain.doFilter(FilterChainProxy.java:374), com.swagger.swagger.jwt.JwtFilter.doFilterInternal(JwtFilter.java:42), org.springframework.web.filter.OncePerRequestFilter.doFilter(OncePerRequestFilter.java:116), org.springframework.security.web.FilterChainProxy$VirtualFilterChain.doFilter(FilterChainProxy.java:374), org.springframework.security.web.authentication.logout.LogoutFilter.doFilter(LogoutFilter.java:107), org.springframework.security.web.authentication.logout.LogoutFilter.doFilter(LogoutFilter.java:93), org.springframework.security.web.FilterChainProxy$VirtualFilterChain.doFilter(FilterChainProxy.java:374), org.springframework.security.web.header.HeaderWriterFilter.doHeadersAfter(HeaderWriterFilter.java:90), org.springframework.security.web.header.HeaderWriterFilter.doFilterInternal(HeaderWriterFilter.java:75), org.springframework.web.filter.OncePerRequestFilter.doFilter(OncePerRequestFilter.java:116), org.springframework.security.web.FilterChainProxy$VirtualFilterChain.doFilter(FilterChainProxy.java:374), org.springframework.security.web.context.SecurityContextHolderFilter.doFilter(SecurityContextHolderFilter.java:82), org.springframework.security.web.context.SecurityContextHolderFilter.doFilter(SecurityContextHolderFilter.java:69), org.springframework.security.web.FilterChainProxy$VirtualFilterChain.doFilter(FilterChainProxy.java:374), org.springframework.security.web.context.request.async.WebAsyncManagerIntegrationFilter.doFilterInternal(WebAsyncManagerIntegrationFilter.java:62), org.springframework.web.filter.OncePerRequestFilter.doFilter(OncePerRequestFilter.java:116), org.springframework.security.web.FilterChainProxy$VirtualFilterChain.doFilter(FilterChainProxy.java:374), org.springframework.security.web.session.DisableEncodeUrlFilter.doFilterInternal(DisableEncodeUrlFilter.java:42), org.springframework.web.filter.OncePerRequestFilter.doFilter(OncePerRequestFilter.java:116), org.springframework.security.web.FilterChainProxy$VirtualFilterChain.doFilter(FilterChainProxy.java:374), org.springframework.security.web.FilterChainProxy.doFilterInternal(FilterChainProxy.java:233), org.springframework.security.web.FilterChainProxy.doFilter(FilterChainProxy.java:191), org.springframework.web.filter.CompositeFilter$VirtualFilterChain.doFilter(CompositeFilter.java:113), org.springframework.web.servlet.handler.HandlerMappingIntrospector.lambda$createCacheFilter$3(HandlerMappingIntrospector.java:195), org.springframework.web.filter.CompositeFilter$VirtualFilterChain.doFilter(CompositeFilter.java:113), org.springframework.web.filter.CompositeFilter.doFilter(CompositeFilter.java:74), org.springframework.security.config.annotation.web.configuration.WebMvcSecurityConfiguration$CompositeFilterChainProxy.doFilter(WebMvcSecurityConfiguration.java:230), org.springframework.web.filter.DelegatingFilterProxy.invokeDelegate(DelegatingFilterProxy.java:352), org.springframework.web.filter.DelegatingFilterProxy.doFilter(DelegatingFilterProxy.java:268), org.apache.catalina.core.ApplicationFilterChain.internalDoFilter(ApplicationFilterChain.java:175), org.apache.catalina.core.ApplicationFilterChain.doFilter(ApplicationFilterChain.java:150), org.springframework.web.filter.RequestContextFilter.doFilterInternal(RequestContextFilter.java:100), org.springframework.web.filter.OncePerRequestFilter.doFilter(OncePerRequestFilter.java:116), org.apache.catalina.core.ApplicationFilterChain.internalDoFilter(ApplicationFilterChain.java:175), org.apache.catalina.core.ApplicationFilterChain.doFilter(ApplicationFilterChain.java:150), org.springframework.web.filter.FormContentFilter.doFilterInternal(FormContentFilter.java:93), org.springframework.web.filter.OncePerRequestFilter.doFilter(OncePerRequestFilter.java:116), org.apache.catalina.core.ApplicationFilterChain.internalDoFilter(ApplicationFilterChain.java:175), org.apache.catalina.core.ApplicationFilterChain.doFilter(ApplicationFilterChain.java:150), org.springframework.web.filter.CharacterEncodingFilter.doFilterInternal(CharacterEncodingFilter.java:201), org.springframework.web.filter.OncePerRequestFilter.doFilter(OncePerRequestFilter.java:116), org.apache.catalina.core.ApplicationFilterChain.internalDoFilter(ApplicationFilterChain.java:175), org.apache.catalina.core.ApplicationFilterChain.doFilter(ApplicationFilterChain.java:150), org.apache.catalina.core.StandardWrapperValve.invoke(StandardWrapperValve.java:167), org.apache.catalina.core.StandardContextValve.invoke(StandardContextValve.java:90), org.apache.catalina.authenticator.AuthenticatorBase.invoke(AuthenticatorBase.java:482), org.apache.catalina.core.StandardHostValve.invoke(StandardHostValve.java:115), org.apache.catalina.valves.ErrorReportValve.invoke(ErrorReportValve.java:93), org.apache.catalina.core.StandardEngineValve.invoke(StandardEngineValve.java:74), org.apache.catalina.connector.CoyoteAdapter.service(CoyoteAdapter.java:344), org.apache.coyote.http11.Http11Processor.service(Http11Processor.java:391), org.apache.coyote.AbstractProcessorLight.process(AbstractProcessorLight.java:63), org.apache.coyote.AbstractProtocol$ConnectionHandler.process(AbstractProtocol.java:896), org.apache.tomcat.util.net.NioEndpoint$SocketProcessor.doRun(NioEndpoint.java:1736), org.apache.tomcat.util.net.SocketProcessorBase.run(SocketProcessorBase.java:52), org.apache.tomcat.util.threads.ThreadPoolExecutor.runWorker(ThreadPoolExecutor.java:1191), org.apache.tomcat.util.threads.ThreadPoolExecutor$Worker.run(ThreadPoolExecutor.java:659), org.apache.tomcat.util.threads.TaskThread$WrappingRunnable.run(TaskThread.java:63), java.base/java.lang.Thread.run(Thread.java:842)]','2024-05-19'),(3,'Cannot invoke \"String.equals(Object)\" because the return value of \"com.swagger.swagger.dto.SignUpDto.getConfirmPassword()\" is null','[com.swagger.swagger.controller.AuthController.register(AuthController.java:84), java.base/jdk.internal.reflect.NativeMethodAccessorImpl.invoke0(Native Method), java.base/jdk.internal.reflect.NativeMethodAccessorImpl.invoke(NativeMethodAccessorImpl.java:77), java.base/jdk.internal.reflect.DelegatingMethodAccessorImpl.invoke(DelegatingMethodAccessorImpl.java:43), java.base/java.lang.reflect.Method.invoke(Method.java:568), org.springframework.web.method.support.InvocableHandlerMethod.doInvoke(InvocableHandlerMethod.java:255), org.springframework.web.method.support.InvocableHandlerMethod.invokeForRequest(InvocableHandlerMethod.java:188), org.springframework.web.servlet.mvc.method.annotation.ServletInvocableHandlerMethod.invokeAndHandle(ServletInvocableHandlerMethod.java:118), org.springframework.web.servlet.mvc.method.annotation.RequestMappingHandlerAdapter.invokeHandlerMethod(RequestMappingHandlerAdapter.java:926), org.springframework.web.servlet.mvc.method.annotation.RequestMappingHandlerAdapter.handleInternal(RequestMappingHandlerAdapter.java:831), org.springframework.web.servlet.mvc.method.AbstractHandlerMethodAdapter.handle(AbstractHandlerMethodAdapter.java:87), org.springframework.web.servlet.DispatcherServlet.doDispatch(DispatcherServlet.java:1089), org.springframework.web.servlet.DispatcherServlet.doService(DispatcherServlet.java:979), org.springframework.web.servlet.FrameworkServlet.processRequest(FrameworkServlet.java:1014), org.springframework.web.servlet.FrameworkServlet.doPost(FrameworkServlet.java:914), jakarta.servlet.http.HttpServlet.service(HttpServlet.java:590), org.springframework.web.servlet.FrameworkServlet.service(FrameworkServlet.java:885), jakarta.servlet.http.HttpServlet.service(HttpServlet.java:658), org.apache.catalina.core.ApplicationFilterChain.internalDoFilter(ApplicationFilterChain.java:206), org.apache.catalina.core.ApplicationFilterChain.doFilter(ApplicationFilterChain.java:150), org.apache.tomcat.websocket.server.WsFilter.doFilter(WsFilter.java:51), org.apache.catalina.core.ApplicationFilterChain.internalDoFilter(ApplicationFilterChain.java:175), org.apache.catalina.core.ApplicationFilterChain.doFilter(ApplicationFilterChain.java:150), org.springframework.web.filter.OncePerRequestFilter.doFilter(OncePerRequestFilter.java:110), org.apache.catalina.core.ApplicationFilterChain.internalDoFilter(ApplicationFilterChain.java:175), org.apache.catalina.core.ApplicationFilterChain.doFilter(ApplicationFilterChain.java:150), org.springframework.web.servlet.resource.ResourceUrlEncodingFilter.doFilter(ResourceUrlEncodingFilter.java:66), org.apache.catalina.core.ApplicationFilterChain.internalDoFilter(ApplicationFilterChain.java:175), org.apache.catalina.core.ApplicationFilterChain.doFilter(ApplicationFilterChain.java:150), org.springframework.web.filter.CompositeFilter$VirtualFilterChain.doFilter(CompositeFilter.java:108), org.springframework.security.web.FilterChainProxy.lambda$doFilterInternal$3(FilterChainProxy.java:231), org.springframework.security.web.FilterChainProxy$VirtualFilterChain.doFilter(FilterChainProxy.java:365), org.springframework.security.web.access.intercept.AuthorizationFilter.doFilter(AuthorizationFilter.java:100), org.springframework.security.web.FilterChainProxy$VirtualFilterChain.doFilter(FilterChainProxy.java:374), org.springframework.security.web.access.ExceptionTranslationFilter.doFilter(ExceptionTranslationFilter.java:126), org.springframework.security.web.access.ExceptionTranslationFilter.doFilter(ExceptionTranslationFilter.java:120), org.springframework.security.web.FilterChainProxy$VirtualFilterChain.doFilter(FilterChainProxy.java:374), org.springframework.security.web.session.SessionManagementFilter.doFilter(SessionManagementFilter.java:131), org.springframework.security.web.session.SessionManagementFilter.doFilter(SessionManagementFilter.java:85), org.springframework.security.web.FilterChainProxy$VirtualFilterChain.doFilter(FilterChainProxy.java:374), org.springframework.security.web.authentication.AnonymousAuthenticationFilter.doFilter(AnonymousAuthenticationFilter.java:100), org.springframework.security.web.FilterChainProxy$VirtualFilterChain.doFilter(FilterChainProxy.java:374), org.springframework.security.web.servletapi.SecurityContextHolderAwareRequestFilter.doFilter(SecurityContextHolderAwareRequestFilter.java:179), org.springframework.security.web.FilterChainProxy$VirtualFilterChain.doFilter(FilterChainProxy.java:374), org.springframework.security.web.savedrequest.RequestCacheAwareFilter.doFilter(RequestCacheAwareFilter.java:63), org.springframework.security.web.FilterChainProxy$VirtualFilterChain.doFilter(FilterChainProxy.java:374), com.swagger.swagger.jwt.JwtFilter.doFilterInternal(JwtFilter.java:42), org.springframework.web.filter.OncePerRequestFilter.doFilter(OncePerRequestFilter.java:116), org.springframework.security.web.FilterChainProxy$VirtualFilterChain.doFilter(FilterChainProxy.java:374), org.springframework.security.web.authentication.logout.LogoutFilter.doFilter(LogoutFilter.java:107), org.springframework.security.web.authentication.logout.LogoutFilter.doFilter(LogoutFilter.java:93), org.springframework.security.web.FilterChainProxy$VirtualFilterChain.doFilter(FilterChainProxy.java:374), org.springframework.security.web.header.HeaderWriterFilter.doHeadersAfter(HeaderWriterFilter.java:90), org.springframework.security.web.header.HeaderWriterFilter.doFilterInternal(HeaderWriterFilter.java:75), org.springframework.web.filter.OncePerRequestFilter.doFilter(OncePerRequestFilter.java:116), org.springframework.security.web.FilterChainProxy$VirtualFilterChain.doFilter(FilterChainProxy.java:374), org.springframework.security.web.context.SecurityContextHolderFilter.doFilter(SecurityContextHolderFilter.java:82), org.springframework.security.web.context.SecurityContextHolderFilter.doFilter(SecurityContextHolderFilter.java:69), org.springframework.security.web.FilterChainProxy$VirtualFilterChain.doFilter(FilterChainProxy.java:374), org.springframework.security.web.context.request.async.WebAsyncManagerIntegrationFilter.doFilterInternal(WebAsyncManagerIntegrationFilter.java:62), org.springframework.web.filter.OncePerRequestFilter.doFilter(OncePerRequestFilter.java:116), org.springframework.security.web.FilterChainProxy$VirtualFilterChain.doFilter(FilterChainProxy.java:374), org.springframework.security.web.session.DisableEncodeUrlFilter.doFilterInternal(DisableEncodeUrlFilter.java:42), org.springframework.web.filter.OncePerRequestFilter.doFilter(OncePerRequestFilter.java:116), org.springframework.security.web.FilterChainProxy$VirtualFilterChain.doFilter(FilterChainProxy.java:374), org.springframework.security.web.FilterChainProxy.doFilterInternal(FilterChainProxy.java:233), org.springframework.security.web.FilterChainProxy.doFilter(FilterChainProxy.java:191), org.springframework.web.filter.CompositeFilter$VirtualFilterChain.doFilter(CompositeFilter.java:113), org.springframework.web.servlet.handler.HandlerMappingIntrospector.lambda$createCacheFilter$3(HandlerMappingIntrospector.java:195), org.springframework.web.filter.CompositeFilter$VirtualFilterChain.doFilter(CompositeFilter.java:113), org.springframework.web.filter.CompositeFilter.doFilter(CompositeFilter.java:74), org.springframework.security.config.annotation.web.configuration.WebMvcSecurityConfiguration$CompositeFilterChainProxy.doFilter(WebMvcSecurityConfiguration.java:230), org.springframework.web.filter.DelegatingFilterProxy.invokeDelegate(DelegatingFilterProxy.java:352), org.springframework.web.filter.DelegatingFilterProxy.doFilter(DelegatingFilterProxy.java:268), org.apache.catalina.core.ApplicationFilterChain.internalDoFilter(ApplicationFilterChain.java:175), org.apache.catalina.core.ApplicationFilterChain.doFilter(ApplicationFilterChain.java:150), org.springframework.web.filter.RequestContextFilter.doFilterInternal(RequestContextFilter.java:100), org.springframework.web.filter.OncePerRequestFilter.doFilter(OncePerRequestFilter.java:116), org.apache.catalina.core.ApplicationFilterChain.internalDoFilter(ApplicationFilterChain.java:175), org.apache.catalina.core.ApplicationFilterChain.doFilter(ApplicationFilterChain.java:150), org.springframework.web.filter.FormContentFilter.doFilterInternal(FormContentFilter.java:93), org.springframework.web.filter.OncePerRequestFilter.doFilter(OncePerRequestFilter.java:116), org.apache.catalina.core.ApplicationFilterChain.internalDoFilter(ApplicationFilterChain.java:175), org.apache.catalina.core.ApplicationFilterChain.doFilter(ApplicationFilterChain.java:150), org.springframework.web.filter.CharacterEncodingFilter.doFilterInternal(CharacterEncodingFilter.java:201), org.springframework.web.filter.OncePerRequestFilter.doFilter(OncePerRequestFilter.java:116), org.apache.catalina.core.ApplicationFilterChain.internalDoFilter(ApplicationFilterChain.java:175), org.apache.catalina.core.ApplicationFilterChain.doFilter(ApplicationFilterChain.java:150), org.apache.catalina.core.StandardWrapperValve.invoke(StandardWrapperValve.java:167), org.apache.catalina.core.StandardContextValve.invoke(StandardContextValve.java:90), org.apache.catalina.authenticator.AuthenticatorBase.invoke(AuthenticatorBase.java:482), org.apache.catalina.core.StandardHostValve.invoke(StandardHostValve.java:115), org.apache.catalina.valves.ErrorReportValve.invoke(ErrorReportValve.java:93), org.apache.catalina.core.StandardEngineValve.invoke(StandardEngineValve.java:74), org.apache.catalina.connector.CoyoteAdapter.service(CoyoteAdapter.java:344), org.apache.coyote.http11.Http11Processor.service(Http11Processor.java:391), org.apache.coyote.AbstractProcessorLight.process(AbstractProcessorLight.java:63), org.apache.coyote.AbstractProtocol$ConnectionHandler.process(AbstractProtocol.java:896), org.apache.tomcat.util.net.NioEndpoint$SocketProcessor.doRun(NioEndpoint.java:1736), org.apache.tomcat.util.net.SocketProcessorBase.run(SocketProcessorBase.java:52), org.apache.tomcat.util.threads.ThreadPoolExecutor.runWorker(ThreadPoolExecutor.java:1191), org.apache.tomcat.util.threads.ThreadPoolExecutor$Worker.run(ThreadPoolExecutor.java:659), org.apache.tomcat.util.threads.TaskThread$WrappingRunnable.run(TaskThread.java:63), java.base/java.lang.Thread.run(Thread.java:842)]','2024-05-19'),(4,'JSON parse error: Unexpected character (\'}\' (code 125)): was expecting double-quote to start field name','[org.springframework.http.converter.json.AbstractJackson2HttpMessageConverter.readJavaType(AbstractJackson2HttpMessageConverter.java:406), org.springframework.http.converter.json.AbstractJackson2HttpMessageConverter.read(AbstractJackson2HttpMessageConverter.java:354), org.springframework.web.servlet.mvc.method.annotation.AbstractMessageConverterMethodArgumentResolver.readWithMessageConverters(AbstractMessageConverterMethodArgumentResolver.java:184), org.springframework.web.servlet.mvc.method.annotation.RequestResponseBodyMethodProcessor.readWithMessageConverters(RequestResponseBodyMethodProcessor.java:161), org.springframework.web.servlet.mvc.method.annotation.RequestResponseBodyMethodProcessor.resolveArgument(RequestResponseBodyMethodProcessor.java:135), org.springframework.web.method.support.HandlerMethodArgumentResolverComposite.resolveArgument(HandlerMethodArgumentResolverComposite.java:122), org.springframework.web.method.support.InvocableHandlerMethod.getMethodArgumentValues(InvocableHandlerMethod.java:224), org.springframework.web.method.support.InvocableHandlerMethod.invokeForRequest(InvocableHandlerMethod.java:178), org.springframework.web.servlet.mvc.method.annotation.ServletInvocableHandlerMethod.invokeAndHandle(ServletInvocableHandlerMethod.java:118), org.springframework.web.servlet.mvc.method.annotation.RequestMappingHandlerAdapter.invokeHandlerMethod(RequestMappingHandlerAdapter.java:926), org.springframework.web.servlet.mvc.method.annotation.RequestMappingHandlerAdapter.handleInternal(RequestMappingHandlerAdapter.java:831), org.springframework.web.servlet.mvc.method.AbstractHandlerMethodAdapter.handle(AbstractHandlerMethodAdapter.java:87), org.springframework.web.servlet.DispatcherServlet.doDispatch(DispatcherServlet.java:1089), org.springframework.web.servlet.DispatcherServlet.doService(DispatcherServlet.java:979), org.springframework.web.servlet.FrameworkServlet.processRequest(FrameworkServlet.java:1014), org.springframework.web.servlet.FrameworkServlet.doPost(FrameworkServlet.java:914), jakarta.servlet.http.HttpServlet.service(HttpServlet.java:590), org.springframework.web.servlet.FrameworkServlet.service(FrameworkServlet.java:885), jakarta.servlet.http.HttpServlet.service(HttpServlet.java:658), org.apache.catalina.core.ApplicationFilterChain.internalDoFilter(ApplicationFilterChain.java:206), org.apache.catalina.core.ApplicationFilterChain.doFilter(ApplicationFilterChain.java:150), org.apache.tomcat.websocket.server.WsFilter.doFilter(WsFilter.java:51), org.apache.catalina.core.ApplicationFilterChain.internalDoFilter(ApplicationFilterChain.java:175), org.apache.catalina.core.ApplicationFilterChain.doFilter(ApplicationFilterChain.java:150), org.springframework.web.filter.OncePerRequestFilter.doFilter(OncePerRequestFilter.java:110), org.apache.catalina.core.ApplicationFilterChain.internalDoFilter(ApplicationFilterChain.java:175), org.apache.catalina.core.ApplicationFilterChain.doFilter(ApplicationFilterChain.java:150), org.springframework.web.servlet.resource.ResourceUrlEncodingFilter.doFilter(ResourceUrlEncodingFilter.java:66), org.apache.catalina.core.ApplicationFilterChain.internalDoFilter(ApplicationFilterChain.java:175), org.apache.catalina.core.ApplicationFilterChain.doFilter(ApplicationFilterChain.java:150), org.springframework.web.filter.CompositeFilter$VirtualFilterChain.doFilter(CompositeFilter.java:108), org.springframework.security.web.FilterChainProxy.lambda$doFilterInternal$3(FilterChainProxy.java:231), org.springframework.security.web.FilterChainProxy$VirtualFilterChain.doFilter(FilterChainProxy.java:365), org.springframework.security.web.access.intercept.AuthorizationFilter.doFilter(AuthorizationFilter.java:100), org.springframework.security.web.FilterChainProxy$VirtualFilterChain.doFilter(FilterChainProxy.java:374), org.springframework.security.web.access.ExceptionTranslationFilter.doFilter(ExceptionTranslationFilter.java:126), org.springframework.security.web.access.ExceptionTranslationFilter.doFilter(ExceptionTranslationFilter.java:120), org.springframework.security.web.FilterChainProxy$VirtualFilterChain.doFilter(FilterChainProxy.java:374), org.springframework.security.web.session.SessionManagementFilter.doFilter(SessionManagementFilter.java:131), org.springframework.security.web.session.SessionManagementFilter.doFilter(SessionManagementFilter.java:85), org.springframework.security.web.FilterChainProxy$VirtualFilterChain.doFilter(FilterChainProxy.java:374), org.springframework.security.web.authentication.AnonymousAuthenticationFilter.doFilter(AnonymousAuthenticationFilter.java:100), org.springframework.security.web.FilterChainProxy$VirtualFilterChain.doFilter(FilterChainProxy.java:374), org.springframework.security.web.servletapi.SecurityContextHolderAwareRequestFilter.doFilter(SecurityContextHolderAwareRequestFilter.java:179), org.springframework.security.web.FilterChainProxy$VirtualFilterChain.doFilter(FilterChainProxy.java:374), org.springframework.security.web.savedrequest.RequestCacheAwareFilter.doFilter(RequestCacheAwareFilter.java:63), org.springframework.security.web.FilterChainProxy$VirtualFilterChain.doFilter(FilterChainProxy.java:374), com.swagger.swagger.jwt.JwtFilter.doFilterInternal(JwtFilter.java:42), org.springframework.web.filter.OncePerRequestFilter.doFilter(OncePerRequestFilter.java:116), org.springframework.security.web.FilterChainProxy$VirtualFilterChain.doFilter(FilterChainProxy.java:374), org.springframework.security.web.authentication.logout.LogoutFilter.doFilter(LogoutFilter.java:107), org.springframework.security.web.authentication.logout.LogoutFilter.doFilter(LogoutFilter.java:93), org.springframework.security.web.FilterChainProxy$VirtualFilterChain.doFilter(FilterChainProxy.java:374), org.springframework.security.web.header.HeaderWriterFilter.doHeadersAfter(HeaderWriterFilter.java:90), org.springframework.security.web.header.HeaderWriterFilter.doFilterInternal(HeaderWriterFilter.java:75), org.springframework.web.filter.OncePerRequestFilter.doFilter(OncePerRequestFilter.java:116), org.springframework.security.web.FilterChainProxy$VirtualFilterChain.doFilter(FilterChainProxy.java:374), org.springframework.security.web.context.SecurityContextHolderFilter.doFilter(SecurityContextHolderFilter.java:82), org.springframework.security.web.context.SecurityContextHolderFilter.doFilter(SecurityContextHolderFilter.java:69), org.springframework.security.web.FilterChainProxy$VirtualFilterChain.doFilter(FilterChainProxy.java:374), org.springframework.security.web.context.request.async.WebAsyncManagerIntegrationFilter.doFilterInternal(WebAsyncManagerIntegrationFilter.java:62), org.springframework.web.filter.OncePerRequestFilter.doFilter(OncePerRequestFilter.java:116), org.springframework.security.web.FilterChainProxy$VirtualFilterChain.doFilter(FilterChainProxy.java:374), org.springframework.security.web.session.DisableEncodeUrlFilter.doFilterInternal(DisableEncodeUrlFilter.java:42), org.springframework.web.filter.OncePerRequestFilter.doFilter(OncePerRequestFilter.java:116), org.springframework.security.web.FilterChainProxy$VirtualFilterChain.doFilter(FilterChainProxy.java:374), org.springframework.security.web.FilterChainProxy.doFilterInternal(FilterChainProxy.java:233), org.springframework.security.web.FilterChainProxy.doFilter(FilterChainProxy.java:191), org.springframework.web.filter.CompositeFilter$VirtualFilterChain.doFilter(CompositeFilter.java:113), org.springframework.web.servlet.handler.HandlerMappingIntrospector.lambda$createCacheFilter$3(HandlerMappingIntrospector.java:195), org.springframework.web.filter.CompositeFilter$VirtualFilterChain.doFilter(CompositeFilter.java:113), org.springframework.web.filter.CompositeFilter.doFilter(CompositeFilter.java:74), org.springframework.security.config.annotation.web.configuration.WebMvcSecurityConfiguration$CompositeFilterChainProxy.doFilter(WebMvcSecurityConfiguration.java:230), org.springframework.web.filter.DelegatingFilterProxy.invokeDelegate(DelegatingFilterProxy.java:352), org.springframework.web.filter.DelegatingFilterProxy.doFilter(DelegatingFilterProxy.java:268), org.apache.catalina.core.ApplicationFilterChain.internalDoFilter(ApplicationFilterChain.java:175), org.apache.catalina.core.ApplicationFilterChain.doFilter(ApplicationFilterChain.java:150), org.springframework.web.filter.RequestContextFilter.doFilterInternal(RequestContextFilter.java:100), org.springframework.web.filter.OncePerRequestFilter.doFilter(OncePerRequestFilter.java:116), org.apache.catalina.core.ApplicationFilterChain.internalDoFilter(ApplicationFilterChain.java:175), org.apache.catalina.core.ApplicationFilterChain.doFilter(ApplicationFilterChain.java:150), org.springframework.web.filter.FormContentFilter.doFilterInternal(FormContentFilter.java:93), org.springframework.web.filter.OncePerRequestFilter.doFilter(OncePerRequestFilter.java:116), org.apache.catalina.core.ApplicationFilterChain.internalDoFilter(ApplicationFilterChain.java:175), org.apache.catalina.core.ApplicationFilterChain.doFilter(ApplicationFilterChain.java:150), org.springframework.web.filter.CharacterEncodingFilter.doFilterInternal(CharacterEncodingFilter.java:201), org.springframework.web.filter.OncePerRequestFilter.doFilter(OncePerRequestFilter.java:116), org.apache.catalina.core.ApplicationFilterChain.internalDoFilter(ApplicationFilterChain.java:175), org.apache.catalina.core.ApplicationFilterChain.doFilter(ApplicationFilterChain.java:150), org.apache.catalina.core.StandardWrapperValve.invoke(StandardWrapperValve.java:167), org.apache.catalina.core.StandardContextValve.invoke(StandardContextValve.java:90), org.apache.catalina.authenticator.AuthenticatorBase.invoke(AuthenticatorBase.java:482), org.apache.catalina.core.StandardHostValve.invoke(StandardHostValve.java:115), org.apache.catalina.valves.ErrorReportValve.invoke(ErrorReportValve.java:93), org.apache.catalina.core.StandardEngineValve.invoke(StandardEngineValve.java:74), org.apache.catalina.connector.CoyoteAdapter.service(CoyoteAdapter.java:344), org.apache.coyote.http11.Http11Processor.service(Http11Processor.java:391), org.apache.coyote.AbstractProcessorLight.process(AbstractProcessorLight.java:63), org.apache.coyote.AbstractProtocol$ConnectionHandler.process(AbstractProtocol.java:896), org.apache.tomcat.util.net.NioEndpoint$SocketProcessor.doRun(NioEndpoint.java:1736), org.apache.tomcat.util.net.SocketProcessorBase.run(SocketProcessorBase.java:52), org.apache.tomcat.util.threads.ThreadPoolExecutor.runWorker(ThreadPoolExecutor.java:1191), org.apache.tomcat.util.threads.ThreadPoolExecutor$Worker.run(ThreadPoolExecutor.java:659), org.apache.tomcat.util.threads.TaskThread$WrappingRunnable.run(TaskThread.java:63), java.base/java.lang.Thread.run(Thread.java:842)]','2024-05-19'),(5,'JSON parse error: Unexpected character (\'}\' (code 125)): was expecting double-quote to start field name','[org.springframework.http.converter.json.AbstractJackson2HttpMessageConverter.readJavaType(AbstractJackson2HttpMessageConverter.java:406), org.springframework.http.converter.json.AbstractJackson2HttpMessageConverter.read(AbstractJackson2HttpMessageConverter.java:354), org.springframework.web.servlet.mvc.method.annotation.AbstractMessageConverterMethodArgumentResolver.readWithMessageConverters(AbstractMessageConverterMethodArgumentResolver.java:184), org.springframework.web.servlet.mvc.method.annotation.RequestResponseBodyMethodProcessor.readWithMessageConverters(RequestResponseBodyMethodProcessor.java:161), org.springframework.web.servlet.mvc.method.annotation.RequestResponseBodyMethodProcessor.resolveArgument(RequestResponseBodyMethodProcessor.java:135), org.springframework.web.method.support.HandlerMethodArgumentResolverComposite.resolveArgument(HandlerMethodArgumentResolverComposite.java:122), org.springframework.web.method.support.InvocableHandlerMethod.getMethodArgumentValues(InvocableHandlerMethod.java:224), org.springframework.web.method.support.InvocableHandlerMethod.invokeForRequest(InvocableHandlerMethod.java:178), org.springframework.web.servlet.mvc.method.annotation.ServletInvocableHandlerMethod.invokeAndHandle(ServletInvocableHandlerMethod.java:118), org.springframework.web.servlet.mvc.method.annotation.RequestMappingHandlerAdapter.invokeHandlerMethod(RequestMappingHandlerAdapter.java:926), org.springframework.web.servlet.mvc.method.annotation.RequestMappingHandlerAdapter.handleInternal(RequestMappingHandlerAdapter.java:831), org.springframework.web.servlet.mvc.method.AbstractHandlerMethodAdapter.handle(AbstractHandlerMethodAdapter.java:87), org.springframework.web.servlet.DispatcherServlet.doDispatch(DispatcherServlet.java:1089), org.springframework.web.servlet.DispatcherServlet.doService(DispatcherServlet.java:979), org.springframework.web.servlet.FrameworkServlet.processRequest(FrameworkServlet.java:1014), org.springframework.web.servlet.FrameworkServlet.doPost(FrameworkServlet.java:914), jakarta.servlet.http.HttpServlet.service(HttpServlet.java:590), org.springframework.web.servlet.FrameworkServlet.service(FrameworkServlet.java:885), jakarta.servlet.http.HttpServlet.service(HttpServlet.java:658), org.apache.catalina.core.ApplicationFilterChain.internalDoFilter(ApplicationFilterChain.java:206), org.apache.catalina.core.ApplicationFilterChain.doFilter(ApplicationFilterChain.java:150), org.apache.tomcat.websocket.server.WsFilter.doFilter(WsFilter.java:51), org.apache.catalina.core.ApplicationFilterChain.internalDoFilter(ApplicationFilterChain.java:175), org.apache.catalina.core.ApplicationFilterChain.doFilter(ApplicationFilterChain.java:150), org.springframework.web.filter.OncePerRequestFilter.doFilter(OncePerRequestFilter.java:110), org.apache.catalina.core.ApplicationFilterChain.internalDoFilter(ApplicationFilterChain.java:175), org.apache.catalina.core.ApplicationFilterChain.doFilter(ApplicationFilterChain.java:150), org.springframework.web.servlet.resource.ResourceUrlEncodingFilter.doFilter(ResourceUrlEncodingFilter.java:66), org.apache.catalina.core.ApplicationFilterChain.internalDoFilter(ApplicationFilterChain.java:175), org.apache.catalina.core.ApplicationFilterChain.doFilter(ApplicationFilterChain.java:150), org.springframework.web.filter.CompositeFilter$VirtualFilterChain.doFilter(CompositeFilter.java:108), org.springframework.security.web.FilterChainProxy.lambda$doFilterInternal$3(FilterChainProxy.java:231), org.springframework.security.web.FilterChainProxy$VirtualFilterChain.doFilter(FilterChainProxy.java:365), org.springframework.security.web.access.intercept.AuthorizationFilter.doFilter(AuthorizationFilter.java:100), org.springframework.security.web.FilterChainProxy$VirtualFilterChain.doFilter(FilterChainProxy.java:374), org.springframework.security.web.access.ExceptionTranslationFilter.doFilter(ExceptionTranslationFilter.java:126), org.springframework.security.web.access.ExceptionTranslationFilter.doFilter(ExceptionTranslationFilter.java:120), org.springframework.security.web.FilterChainProxy$VirtualFilterChain.doFilter(FilterChainProxy.java:374), org.springframework.security.web.session.SessionManagementFilter.doFilter(SessionManagementFilter.java:131), org.springframework.security.web.session.SessionManagementFilter.doFilter(SessionManagementFilter.java:85), org.springframework.security.web.FilterChainProxy$VirtualFilterChain.doFilter(FilterChainProxy.java:374), org.springframework.security.web.authentication.AnonymousAuthenticationFilter.doFilter(AnonymousAuthenticationFilter.java:100), org.springframework.security.web.FilterChainProxy$VirtualFilterChain.doFilter(FilterChainProxy.java:374), org.springframework.security.web.servletapi.SecurityContextHolderAwareRequestFilter.doFilter(SecurityContextHolderAwareRequestFilter.java:179), org.springframework.security.web.FilterChainProxy$VirtualFilterChain.doFilter(FilterChainProxy.java:374), org.springframework.security.web.savedrequest.RequestCacheAwareFilter.doFilter(RequestCacheAwareFilter.java:63), org.springframework.security.web.FilterChainProxy$VirtualFilterChain.doFilter(FilterChainProxy.java:374), com.swagger.swagger.jwt.JwtFilter.doFilterInternal(JwtFilter.java:42), org.springframework.web.filter.OncePerRequestFilter.doFilter(OncePerRequestFilter.java:116), org.springframework.security.web.FilterChainProxy$VirtualFilterChain.doFilter(FilterChainProxy.java:374), org.springframework.security.web.authentication.logout.LogoutFilter.doFilter(LogoutFilter.java:107), org.springframework.security.web.authentication.logout.LogoutFilter.doFilter(LogoutFilter.java:93), org.springframework.security.web.FilterChainProxy$VirtualFilterChain.doFilter(FilterChainProxy.java:374), org.springframework.security.web.header.HeaderWriterFilter.doHeadersAfter(HeaderWriterFilter.java:90), org.springframework.security.web.header.HeaderWriterFilter.doFilterInternal(HeaderWriterFilter.java:75), org.springframework.web.filter.OncePerRequestFilter.doFilter(OncePerRequestFilter.java:116), org.springframework.security.web.FilterChainProxy$VirtualFilterChain.doFilter(FilterChainProxy.java:374), org.springframework.security.web.context.SecurityContextHolderFilter.doFilter(SecurityContextHolderFilter.java:82), org.springframework.security.web.context.SecurityContextHolderFilter.doFilter(SecurityContextHolderFilter.java:69), org.springframework.security.web.FilterChainProxy$VirtualFilterChain.doFilter(FilterChainProxy.java:374), org.springframework.security.web.context.request.async.WebAsyncManagerIntegrationFilter.doFilterInternal(WebAsyncManagerIntegrationFilter.java:62), org.springframework.web.filter.OncePerRequestFilter.doFilter(OncePerRequestFilter.java:116), org.springframework.security.web.FilterChainProxy$VirtualFilterChain.doFilter(FilterChainProxy.java:374), org.springframework.security.web.session.DisableEncodeUrlFilter.doFilterInternal(DisableEncodeUrlFilter.java:42), org.springframework.web.filter.OncePerRequestFilter.doFilter(OncePerRequestFilter.java:116), org.springframework.security.web.FilterChainProxy$VirtualFilterChain.doFilter(FilterChainProxy.java:374), org.springframework.security.web.FilterChainProxy.doFilterInternal(FilterChainProxy.java:233), org.springframework.security.web.FilterChainProxy.doFilter(FilterChainProxy.java:191), org.springframework.web.filter.CompositeFilter$VirtualFilterChain.doFilter(CompositeFilter.java:113), org.springframework.web.servlet.handler.HandlerMappingIntrospector.lambda$createCacheFilter$3(HandlerMappingIntrospector.java:195), org.springframework.web.filter.CompositeFilter$VirtualFilterChain.doFilter(CompositeFilter.java:113), org.springframework.web.filter.CompositeFilter.doFilter(CompositeFilter.java:74), org.springframework.security.config.annotation.web.configuration.WebMvcSecurityConfiguration$CompositeFilterChainProxy.doFilter(WebMvcSecurityConfiguration.java:230), org.springframework.web.filter.DelegatingFilterProxy.invokeDelegate(DelegatingFilterProxy.java:352), org.springframework.web.filter.DelegatingFilterProxy.doFilter(DelegatingFilterProxy.java:268), org.apache.catalina.core.ApplicationFilterChain.internalDoFilter(ApplicationFilterChain.java:175), org.apache.catalina.core.ApplicationFilterChain.doFilter(ApplicationFilterChain.java:150), org.springframework.web.filter.RequestContextFilter.doFilterInternal(RequestContextFilter.java:100), org.springframework.web.filter.OncePerRequestFilter.doFilter(OncePerRequestFilter.java:116), org.apache.catalina.core.ApplicationFilterChain.internalDoFilter(ApplicationFilterChain.java:175), org.apache.catalina.core.ApplicationFilterChain.doFilter(ApplicationFilterChain.java:150), org.springframework.web.filter.FormContentFilter.doFilterInternal(FormContentFilter.java:93), org.springframework.web.filter.OncePerRequestFilter.doFilter(OncePerRequestFilter.java:116), org.apache.catalina.core.ApplicationFilterChain.internalDoFilter(ApplicationFilterChain.java:175), org.apache.catalina.core.ApplicationFilterChain.doFilter(ApplicationFilterChain.java:150), org.springframework.web.filter.CharacterEncodingFilter.doFilterInternal(CharacterEncodingFilter.java:201), org.springframework.web.filter.OncePerRequestFilter.doFilter(OncePerRequestFilter.java:116), org.apache.catalina.core.ApplicationFilterChain.internalDoFilter(ApplicationFilterChain.java:175), org.apache.catalina.core.ApplicationFilterChain.doFilter(ApplicationFilterChain.java:150), org.apache.catalina.core.StandardWrapperValve.invoke(StandardWrapperValve.java:167), org.apache.catalina.core.StandardContextValve.invoke(StandardContextValve.java:90), org.apache.catalina.authenticator.AuthenticatorBase.invoke(AuthenticatorBase.java:482), org.apache.catalina.core.StandardHostValve.invoke(StandardHostValve.java:115), org.apache.catalina.valves.ErrorReportValve.invoke(ErrorReportValve.java:93), org.apache.catalina.core.StandardEngineValve.invoke(StandardEngineValve.java:74), org.apache.catalina.connector.CoyoteAdapter.service(CoyoteAdapter.java:344), org.apache.coyote.http11.Http11Processor.service(Http11Processor.java:391), org.apache.coyote.AbstractProcessorLight.process(AbstractProcessorLight.java:63), org.apache.coyote.AbstractProtocol$ConnectionHandler.process(AbstractProtocol.java:896), org.apache.tomcat.util.net.NioEndpoint$SocketProcessor.doRun(NioEndpoint.java:1736), org.apache.tomcat.util.net.SocketProcessorBase.run(SocketProcessorBase.java:52), org.apache.tomcat.util.threads.ThreadPoolExecutor.runWorker(ThreadPoolExecutor.java:1191), org.apache.tomcat.util.threads.ThreadPoolExecutor$Worker.run(ThreadPoolExecutor.java:659), org.apache.tomcat.util.threads.TaskThread$WrappingRunnable.run(TaskThread.java:63), java.base/java.lang.Thread.run(Thread.java:842)]','2024-05-19'),(6,'JSON parse error: Unexpected character (\'}\' (code 125)): was expecting double-quote to start field name','[org.springframework.http.converter.json.AbstractJackson2HttpMessageConverter.readJavaType(AbstractJackson2HttpMessageConverter.java:406), org.springframework.http.converter.json.AbstractJackson2HttpMessageConverter.read(AbstractJackson2HttpMessageConverter.java:354), org.springframework.web.servlet.mvc.method.annotation.AbstractMessageConverterMethodArgumentResolver.readWithMessageConverters(AbstractMessageConverterMethodArgumentResolver.java:184), org.springframework.web.servlet.mvc.method.annotation.RequestResponseBodyMethodProcessor.readWithMessageConverters(RequestResponseBodyMethodProcessor.java:161), org.springframework.web.servlet.mvc.method.annotation.RequestResponseBodyMethodProcessor.resolveArgument(RequestResponseBodyMethodProcessor.java:135), org.springframework.web.method.support.HandlerMethodArgumentResolverComposite.resolveArgument(HandlerMethodArgumentResolverComposite.java:122), org.springframework.web.method.support.InvocableHandlerMethod.getMethodArgumentValues(InvocableHandlerMethod.java:224), org.springframework.web.method.support.InvocableHandlerMethod.invokeForRequest(InvocableHandlerMethod.java:178), org.springframework.web.servlet.mvc.method.annotation.ServletInvocableHandlerMethod.invokeAndHandle(ServletInvocableHandlerMethod.java:118), org.springframework.web.servlet.mvc.method.annotation.RequestMappingHandlerAdapter.invokeHandlerMethod(RequestMappingHandlerAdapter.java:926), org.springframework.web.servlet.mvc.method.annotation.RequestMappingHandlerAdapter.handleInternal(RequestMappingHandlerAdapter.java:831), org.springframework.web.servlet.mvc.method.AbstractHandlerMethodAdapter.handle(AbstractHandlerMethodAdapter.java:87), org.springframework.web.servlet.DispatcherServlet.doDispatch(DispatcherServlet.java:1089), org.springframework.web.servlet.DispatcherServlet.doService(DispatcherServlet.java:979), org.springframework.web.servlet.FrameworkServlet.processRequest(FrameworkServlet.java:1014), org.springframework.web.servlet.FrameworkServlet.doPost(FrameworkServlet.java:914), jakarta.servlet.http.HttpServlet.service(HttpServlet.java:590), org.springframework.web.servlet.FrameworkServlet.service(FrameworkServlet.java:885), jakarta.servlet.http.HttpServlet.service(HttpServlet.java:658), org.apache.catalina.core.ApplicationFilterChain.internalDoFilter(ApplicationFilterChain.java:206), org.apache.catalina.core.ApplicationFilterChain.doFilter(ApplicationFilterChain.java:150), org.apache.tomcat.websocket.server.WsFilter.doFilter(WsFilter.java:51), org.apache.catalina.core.ApplicationFilterChain.internalDoFilter(ApplicationFilterChain.java:175), org.apache.catalina.core.ApplicationFilterChain.doFilter(ApplicationFilterChain.java:150), org.springframework.web.filter.OncePerRequestFilter.doFilter(OncePerRequestFilter.java:110), org.apache.catalina.core.ApplicationFilterChain.internalDoFilter(ApplicationFilterChain.java:175), org.apache.catalina.core.ApplicationFilterChain.doFilter(ApplicationFilterChain.java:150), org.springframework.web.servlet.resource.ResourceUrlEncodingFilter.doFilter(ResourceUrlEncodingFilter.java:66), org.apache.catalina.core.ApplicationFilterChain.internalDoFilter(ApplicationFilterChain.java:175), org.apache.catalina.core.ApplicationFilterChain.doFilter(ApplicationFilterChain.java:150), org.springframework.web.filter.CompositeFilter$VirtualFilterChain.doFilter(CompositeFilter.java:108), org.springframework.security.web.FilterChainProxy.lambda$doFilterInternal$3(FilterChainProxy.java:231), org.springframework.security.web.FilterChainProxy$VirtualFilterChain.doFilter(FilterChainProxy.java:365), org.springframework.security.web.access.intercept.AuthorizationFilter.doFilter(AuthorizationFilter.java:100), org.springframework.security.web.FilterChainProxy$VirtualFilterChain.doFilter(FilterChainProxy.java:374), org.springframework.security.web.access.ExceptionTranslationFilter.doFilter(ExceptionTranslationFilter.java:126), org.springframework.security.web.access.ExceptionTranslationFilter.doFilter(ExceptionTranslationFilter.java:120), org.springframework.security.web.FilterChainProxy$VirtualFilterChain.doFilter(FilterChainProxy.java:374), org.springframework.security.web.session.SessionManagementFilter.doFilter(SessionManagementFilter.java:131), org.springframework.security.web.session.SessionManagementFilter.doFilter(SessionManagementFilter.java:85), org.springframework.security.web.FilterChainProxy$VirtualFilterChain.doFilter(FilterChainProxy.java:374), org.springframework.security.web.authentication.AnonymousAuthenticationFilter.doFilter(AnonymousAuthenticationFilter.java:100), org.springframework.security.web.FilterChainProxy$VirtualFilterChain.doFilter(FilterChainProxy.java:374), org.springframework.security.web.servletapi.SecurityContextHolderAwareRequestFilter.doFilter(SecurityContextHolderAwareRequestFilter.java:179), org.springframework.security.web.FilterChainProxy$VirtualFilterChain.doFilter(FilterChainProxy.java:374), org.springframework.security.web.savedrequest.RequestCacheAwareFilter.doFilter(RequestCacheAwareFilter.java:63), org.springframework.security.web.FilterChainProxy$VirtualFilterChain.doFilter(FilterChainProxy.java:374), com.swagger.swagger.jwt.JwtFilter.doFilterInternal(JwtFilter.java:42), org.springframework.web.filter.OncePerRequestFilter.doFilter(OncePerRequestFilter.java:116), org.springframework.security.web.FilterChainProxy$VirtualFilterChain.doFilter(FilterChainProxy.java:374), org.springframework.security.web.authentication.logout.LogoutFilter.doFilter(LogoutFilter.java:107), org.springframework.security.web.authentication.logout.LogoutFilter.doFilter(LogoutFilter.java:93), org.springframework.security.web.FilterChainProxy$VirtualFilterChain.doFilter(FilterChainProxy.java:374), org.springframework.security.web.header.HeaderWriterFilter.doHeadersAfter(HeaderWriterFilter.java:90), org.springframework.security.web.header.HeaderWriterFilter.doFilterInternal(HeaderWriterFilter.java:75), org.springframework.web.filter.OncePerRequestFilter.doFilter(OncePerRequestFilter.java:116), org.springframework.security.web.FilterChainProxy$VirtualFilterChain.doFilter(FilterChainProxy.java:374), org.springframework.security.web.context.SecurityContextHolderFilter.doFilter(SecurityContextHolderFilter.java:82), org.springframework.security.web.context.SecurityContextHolderFilter.doFilter(SecurityContextHolderFilter.java:69), org.springframework.security.web.FilterChainProxy$VirtualFilterChain.doFilter(FilterChainProxy.java:374), org.springframework.security.web.context.request.async.WebAsyncManagerIntegrationFilter.doFilterInternal(WebAsyncManagerIntegrationFilter.java:62), org.springframework.web.filter.OncePerRequestFilter.doFilter(OncePerRequestFilter.java:116), org.springframework.security.web.FilterChainProxy$VirtualFilterChain.doFilter(FilterChainProxy.java:374), org.springframework.security.web.session.DisableEncodeUrlFilter.doFilterInternal(DisableEncodeUrlFilter.java:42), org.springframework.web.filter.OncePerRequestFilter.doFilter(OncePerRequestFilter.java:116), org.springframework.security.web.FilterChainProxy$VirtualFilterChain.doFilter(FilterChainProxy.java:374), org.springframework.security.web.FilterChainProxy.doFilterInternal(FilterChainProxy.java:233), org.springframework.security.web.FilterChainProxy.doFilter(FilterChainProxy.java:191), org.springframework.web.filter.CompositeFilter$VirtualFilterChain.doFilter(CompositeFilter.java:113), org.springframework.web.servlet.handler.HandlerMappingIntrospector.lambda$createCacheFilter$3(HandlerMappingIntrospector.java:195), org.springframework.web.filter.CompositeFilter$VirtualFilterChain.doFilter(CompositeFilter.java:113), org.springframework.web.filter.CompositeFilter.doFilter(CompositeFilter.java:74), org.springframework.security.config.annotation.web.configuration.WebMvcSecurityConfiguration$CompositeFilterChainProxy.doFilter(WebMvcSecurityConfiguration.java:230), org.springframework.web.filter.DelegatingFilterProxy.invokeDelegate(DelegatingFilterProxy.java:352), org.springframework.web.filter.DelegatingFilterProxy.doFilter(DelegatingFilterProxy.java:268), org.apache.catalina.core.ApplicationFilterChain.internalDoFilter(ApplicationFilterChain.java:175), org.apache.catalina.core.ApplicationFilterChain.doFilter(ApplicationFilterChain.java:150), org.springframework.web.filter.RequestContextFilter.doFilterInternal(RequestContextFilter.java:100), org.springframework.web.filter.OncePerRequestFilter.doFilter(OncePerRequestFilter.java:116), org.apache.catalina.core.ApplicationFilterChain.internalDoFilter(ApplicationFilterChain.java:175), org.apache.catalina.core.ApplicationFilterChain.doFilter(ApplicationFilterChain.java:150), org.springframework.web.filter.FormContentFilter.doFilterInternal(FormContentFilter.java:93), org.springframework.web.filter.OncePerRequestFilter.doFilter(OncePerRequestFilter.java:116), org.apache.catalina.core.ApplicationFilterChain.internalDoFilter(ApplicationFilterChain.java:175), org.apache.catalina.core.ApplicationFilterChain.doFilter(ApplicationFilterChain.java:150), org.springframework.web.filter.CharacterEncodingFilter.doFilterInternal(CharacterEncodingFilter.java:201), org.springframework.web.filter.OncePerRequestFilter.doFilter(OncePerRequestFilter.java:116), org.apache.catalina.core.ApplicationFilterChain.internalDoFilter(ApplicationFilterChain.java:175), org.apache.catalina.core.ApplicationFilterChain.doFilter(ApplicationFilterChain.java:150), org.apache.catalina.core.StandardWrapperValve.invoke(StandardWrapperValve.java:167), org.apache.catalina.core.StandardContextValve.invoke(StandardContextValve.java:90), org.apache.catalina.authenticator.AuthenticatorBase.invoke(AuthenticatorBase.java:482), org.apache.catalina.core.StandardHostValve.invoke(StandardHostValve.java:115), org.apache.catalina.valves.ErrorReportValve.invoke(ErrorReportValve.java:93), org.apache.catalina.core.StandardEngineValve.invoke(StandardEngineValve.java:74), org.apache.catalina.connector.CoyoteAdapter.service(CoyoteAdapter.java:344), org.apache.coyote.http11.Http11Processor.service(Http11Processor.java:391), org.apache.coyote.AbstractProcessorLight.process(AbstractProcessorLight.java:63), org.apache.coyote.AbstractProtocol$ConnectionHandler.process(AbstractProtocol.java:896), org.apache.tomcat.util.net.NioEndpoint$SocketProcessor.doRun(NioEndpoint.java:1736), org.apache.tomcat.util.net.SocketProcessorBase.run(SocketProcessorBase.java:52), org.apache.tomcat.util.threads.ThreadPoolExecutor.runWorker(ThreadPoolExecutor.java:1191), org.apache.tomcat.util.threads.ThreadPoolExecutor$Worker.run(ThreadPoolExecutor.java:659), org.apache.tomcat.util.threads.TaskThread$WrappingRunnable.run(TaskThread.java:63), java.base/java.lang.Thread.run(Thread.java:842)]','2024-05-19'),(7,'JSON parse error: Unexpected character (\'}\' (code 125)): was expecting double-quote to start field name','[org.springframework.http.converter.json.AbstractJackson2HttpMessageConverter.readJavaType(AbstractJackson2HttpMessageConverter.java:406), org.springframework.http.converter.json.AbstractJackson2HttpMessageConverter.read(AbstractJackson2HttpMessageConverter.java:354), org.springframework.web.servlet.mvc.method.annotation.AbstractMessageConverterMethodArgumentResolver.readWithMessageConverters(AbstractMessageConverterMethodArgumentResolver.java:184), org.springframework.web.servlet.mvc.method.annotation.RequestResponseBodyMethodProcessor.readWithMessageConverters(RequestResponseBodyMethodProcessor.java:161), org.springframework.web.servlet.mvc.method.annotation.RequestResponseBodyMethodProcessor.resolveArgument(RequestResponseBodyMethodProcessor.java:135), org.springframework.web.method.support.HandlerMethodArgumentResolverComposite.resolveArgument(HandlerMethodArgumentResolverComposite.java:122), org.springframework.web.method.support.InvocableHandlerMethod.getMethodArgumentValues(InvocableHandlerMethod.java:224), org.springframework.web.method.support.InvocableHandlerMethod.invokeForRequest(InvocableHandlerMethod.java:178), org.springframework.web.servlet.mvc.method.annotation.ServletInvocableHandlerMethod.invokeAndHandle(ServletInvocableHandlerMethod.java:118), org.springframework.web.servlet.mvc.method.annotation.RequestMappingHandlerAdapter.invokeHandlerMethod(RequestMappingHandlerAdapter.java:926), org.springframework.web.servlet.mvc.method.annotation.RequestMappingHandlerAdapter.handleInternal(RequestMappingHandlerAdapter.java:831), org.springframework.web.servlet.mvc.method.AbstractHandlerMethodAdapter.handle(AbstractHandlerMethodAdapter.java:87), org.springframework.web.servlet.DispatcherServlet.doDispatch(DispatcherServlet.java:1089), org.springframework.web.servlet.DispatcherServlet.doService(DispatcherServlet.java:979), org.springframework.web.servlet.FrameworkServlet.processRequest(FrameworkServlet.java:1014), org.springframework.web.servlet.FrameworkServlet.doPost(FrameworkServlet.java:914), jakarta.servlet.http.HttpServlet.service(HttpServlet.java:590), org.springframework.web.servlet.FrameworkServlet.service(FrameworkServlet.java:885), jakarta.servlet.http.HttpServlet.service(HttpServlet.java:658), org.apache.catalina.core.ApplicationFilterChain.internalDoFilter(ApplicationFilterChain.java:206), org.apache.catalina.core.ApplicationFilterChain.doFilter(ApplicationFilterChain.java:150), org.apache.tomcat.websocket.server.WsFilter.doFilter(WsFilter.java:51), org.apache.catalina.core.ApplicationFilterChain.internalDoFilter(ApplicationFilterChain.java:175), org.apache.catalina.core.ApplicationFilterChain.doFilter(ApplicationFilterChain.java:150), org.springframework.web.filter.OncePerRequestFilter.doFilter(OncePerRequestFilter.java:110), org.apache.catalina.core.ApplicationFilterChain.internalDoFilter(ApplicationFilterChain.java:175), org.apache.catalina.core.ApplicationFilterChain.doFilter(ApplicationFilterChain.java:150), org.springframework.web.servlet.resource.ResourceUrlEncodingFilter.doFilter(ResourceUrlEncodingFilter.java:66), org.apache.catalina.core.ApplicationFilterChain.internalDoFilter(ApplicationFilterChain.java:175), org.apache.catalina.core.ApplicationFilterChain.doFilter(ApplicationFilterChain.java:150), org.springframework.web.filter.CompositeFilter$VirtualFilterChain.doFilter(CompositeFilter.java:108), org.springframework.security.web.FilterChainProxy.lambda$doFilterInternal$3(FilterChainProxy.java:231), org.springframework.security.web.FilterChainProxy$VirtualFilterChain.doFilter(FilterChainProxy.java:365), org.springframework.security.web.access.intercept.AuthorizationFilter.doFilter(AuthorizationFilter.java:100), org.springframework.security.web.FilterChainProxy$VirtualFilterChain.doFilter(FilterChainProxy.java:374), org.springframework.security.web.access.ExceptionTranslationFilter.doFilter(ExceptionTranslationFilter.java:126), org.springframework.security.web.access.ExceptionTranslationFilter.doFilter(ExceptionTranslationFilter.java:120), org.springframework.security.web.FilterChainProxy$VirtualFilterChain.doFilter(FilterChainProxy.java:374), org.springframework.security.web.session.SessionManagementFilter.doFilter(SessionManagementFilter.java:131), org.springframework.security.web.session.SessionManagementFilter.doFilter(SessionManagementFilter.java:85), org.springframework.security.web.FilterChainProxy$VirtualFilterChain.doFilter(FilterChainProxy.java:374), org.springframework.security.web.authentication.AnonymousAuthenticationFilter.doFilter(AnonymousAuthenticationFilter.java:100), org.springframework.security.web.FilterChainProxy$VirtualFilterChain.doFilter(FilterChainProxy.java:374), org.springframework.security.web.servletapi.SecurityContextHolderAwareRequestFilter.doFilter(SecurityContextHolderAwareRequestFilter.java:179), org.springframework.security.web.FilterChainProxy$VirtualFilterChain.doFilter(FilterChainProxy.java:374), org.springframework.security.web.savedrequest.RequestCacheAwareFilter.doFilter(RequestCacheAwareFilter.java:63), org.springframework.security.web.FilterChainProxy$VirtualFilterChain.doFilter(FilterChainProxy.java:374), com.swagger.swagger.jwt.JwtFilter.doFilterInternal(JwtFilter.java:42), org.springframework.web.filter.OncePerRequestFilter.doFilter(OncePerRequestFilter.java:116), org.springframework.security.web.FilterChainProxy$VirtualFilterChain.doFilter(FilterChainProxy.java:374), org.springframework.security.web.authentication.logout.LogoutFilter.doFilter(LogoutFilter.java:107), org.springframework.security.web.authentication.logout.LogoutFilter.doFilter(LogoutFilter.java:93), org.springframework.security.web.FilterChainProxy$VirtualFilterChain.doFilter(FilterChainProxy.java:374), org.springframework.security.web.header.HeaderWriterFilter.doHeadersAfter(HeaderWriterFilter.java:90), org.springframework.security.web.header.HeaderWriterFilter.doFilterInternal(HeaderWriterFilter.java:75), org.springframework.web.filter.OncePerRequestFilter.doFilter(OncePerRequestFilter.java:116), org.springframework.security.web.FilterChainProxy$VirtualFilterChain.doFilter(FilterChainProxy.java:374), org.springframework.security.web.context.SecurityContextHolderFilter.doFilter(SecurityContextHolderFilter.java:82), org.springframework.security.web.context.SecurityContextHolderFilter.doFilter(SecurityContextHolderFilter.java:69), org.springframework.security.web.FilterChainProxy$VirtualFilterChain.doFilter(FilterChainProxy.java:374), org.springframework.security.web.context.request.async.WebAsyncManagerIntegrationFilter.doFilterInternal(WebAsyncManagerIntegrationFilter.java:62), org.springframework.web.filter.OncePerRequestFilter.doFilter(OncePerRequestFilter.java:116), org.springframework.security.web.FilterChainProxy$VirtualFilterChain.doFilter(FilterChainProxy.java:374), org.springframework.security.web.session.DisableEncodeUrlFilter.doFilterInternal(DisableEncodeUrlFilter.java:42), org.springframework.web.filter.OncePerRequestFilter.doFilter(OncePerRequestFilter.java:116), org.springframework.security.web.FilterChainProxy$VirtualFilterChain.doFilter(FilterChainProxy.java:374), org.springframework.security.web.FilterChainProxy.doFilterInternal(FilterChainProxy.java:233), org.springframework.security.web.FilterChainProxy.doFilter(FilterChainProxy.java:191), org.springframework.web.filter.CompositeFilter$VirtualFilterChain.doFilter(CompositeFilter.java:113), org.springframework.web.servlet.handler.HandlerMappingIntrospector.lambda$createCacheFilter$3(HandlerMappingIntrospector.java:195), org.springframework.web.filter.CompositeFilter$VirtualFilterChain.doFilter(CompositeFilter.java:113), org.springframework.web.filter.CompositeFilter.doFilter(CompositeFilter.java:74), org.springframework.security.config.annotation.web.configuration.WebMvcSecurityConfiguration$CompositeFilterChainProxy.doFilter(WebMvcSecurityConfiguration.java:230), org.springframework.web.filter.DelegatingFilterProxy.invokeDelegate(DelegatingFilterProxy.java:352), org.springframework.web.filter.DelegatingFilterProxy.doFilter(DelegatingFilterProxy.java:268), org.apache.catalina.core.ApplicationFilterChain.internalDoFilter(ApplicationFilterChain.java:175), org.apache.catalina.core.ApplicationFilterChain.doFilter(ApplicationFilterChain.java:150), org.springframework.web.filter.RequestContextFilter.doFilterInternal(RequestContextFilter.java:100), org.springframework.web.filter.OncePerRequestFilter.doFilter(OncePerRequestFilter.java:116), org.apache.catalina.core.ApplicationFilterChain.internalDoFilter(ApplicationFilterChain.java:175), org.apache.catalina.core.ApplicationFilterChain.doFilter(ApplicationFilterChain.java:150), org.springframework.web.filter.FormContentFilter.doFilterInternal(FormContentFilter.java:93), org.springframework.web.filter.OncePerRequestFilter.doFilter(OncePerRequestFilter.java:116), org.apache.catalina.core.ApplicationFilterChain.internalDoFilter(ApplicationFilterChain.java:175), org.apache.catalina.core.ApplicationFilterChain.doFilter(ApplicationFilterChain.java:150), org.springframework.web.filter.CharacterEncodingFilter.doFilterInternal(CharacterEncodingFilter.java:201), org.springframework.web.filter.OncePerRequestFilter.doFilter(OncePerRequestFilter.java:116), org.apache.catalina.core.ApplicationFilterChain.internalDoFilter(ApplicationFilterChain.java:175), org.apache.catalina.core.ApplicationFilterChain.doFilter(ApplicationFilterChain.java:150), org.apache.catalina.core.StandardWrapperValve.invoke(StandardWrapperValve.java:167), org.apache.catalina.core.StandardContextValve.invoke(StandardContextValve.java:90), org.apache.catalina.authenticator.AuthenticatorBase.invoke(AuthenticatorBase.java:482), org.apache.catalina.core.StandardHostValve.invoke(StandardHostValve.java:115), org.apache.catalina.valves.ErrorReportValve.invoke(ErrorReportValve.java:93), org.apache.catalina.core.StandardEngineValve.invoke(StandardEngineValve.java:74), org.apache.catalina.connector.CoyoteAdapter.service(CoyoteAdapter.java:344), org.apache.coyote.http11.Http11Processor.service(Http11Processor.java:391), org.apache.coyote.AbstractProcessorLight.process(AbstractProcessorLight.java:63), org.apache.coyote.AbstractProtocol$ConnectionHandler.process(AbstractProtocol.java:896), org.apache.tomcat.util.net.NioEndpoint$SocketProcessor.doRun(NioEndpoint.java:1736), org.apache.tomcat.util.net.SocketProcessorBase.run(SocketProcessorBase.java:52), org.apache.tomcat.util.threads.ThreadPoolExecutor.runWorker(ThreadPoolExecutor.java:1191), org.apache.tomcat.util.threads.ThreadPoolExecutor$Worker.run(ThreadPoolExecutor.java:659), org.apache.tomcat.util.threads.TaskThread$WrappingRunnable.run(TaskThread.java:63), java.base/java.lang.Thread.run(Thread.java:842)]','2024-05-19'),(8,'Cannot invoke \"jakarta.servlet.http.HttpServletRequest.getHeader(String)\" because \"request\" is null','[com.swagger.swagger.internationalization.MyLocalResolver.resolveLocale(MyLocalResolver.java:16), com.swagger.swagger.controller.AuthController.login(AuthController.java:70), java.base/jdk.internal.reflect.NativeMethodAccessorImpl.invoke0(Native Method), java.base/jdk.internal.reflect.NativeMethodAccessorImpl.invoke(NativeMethodAccessorImpl.java:77), java.base/jdk.internal.reflect.DelegatingMethodAccessorImpl.invoke(DelegatingMethodAccessorImpl.java:43), java.base/java.lang.reflect.Method.invoke(Method.java:568), org.springframework.web.method.support.InvocableHandlerMethod.doInvoke(InvocableHandlerMethod.java:255), org.springframework.web.method.support.InvocableHandlerMethod.invokeForRequest(InvocableHandlerMethod.java:188), org.springframework.web.servlet.mvc.method.annotation.ServletInvocableHandlerMethod.invokeAndHandle(ServletInvocableHandlerMethod.java:118), org.springframework.web.servlet.mvc.method.annotation.RequestMappingHandlerAdapter.invokeHandlerMethod(RequestMappingHandlerAdapter.java:926), org.springframework.web.servlet.mvc.method.annotation.RequestMappingHandlerAdapter.handleInternal(RequestMappingHandlerAdapter.java:831), org.springframework.web.servlet.mvc.method.AbstractHandlerMethodAdapter.handle(AbstractHandlerMethodAdapter.java:87), org.springframework.web.servlet.DispatcherServlet.doDispatch(DispatcherServlet.java:1089), org.springframework.web.servlet.DispatcherServlet.doService(DispatcherServlet.java:979), org.springframework.web.servlet.FrameworkServlet.processRequest(FrameworkServlet.java:1014), org.springframework.web.servlet.FrameworkServlet.doPost(FrameworkServlet.java:914), jakarta.servlet.http.HttpServlet.service(HttpServlet.java:590), org.springframework.web.servlet.FrameworkServlet.service(FrameworkServlet.java:885), jakarta.servlet.http.HttpServlet.service(HttpServlet.java:658), org.apache.catalina.core.ApplicationFilterChain.internalDoFilter(ApplicationFilterChain.java:206), org.apache.catalina.core.ApplicationFilterChain.doFilter(ApplicationFilterChain.java:150), org.apache.tomcat.websocket.server.WsFilter.doFilter(WsFilter.java:51), org.apache.catalina.core.ApplicationFilterChain.internalDoFilter(ApplicationFilterChain.java:175), org.apache.catalina.core.ApplicationFilterChain.doFilter(ApplicationFilterChain.java:150), org.springframework.web.filter.OncePerRequestFilter.doFilter(OncePerRequestFilter.java:110), org.apache.catalina.core.ApplicationFilterChain.internalDoFilter(ApplicationFilterChain.java:175), org.apache.catalina.core.ApplicationFilterChain.doFilter(ApplicationFilterChain.java:150), org.springframework.web.servlet.resource.ResourceUrlEncodingFilter.doFilter(ResourceUrlEncodingFilter.java:66), org.apache.catalina.core.ApplicationFilterChain.internalDoFilter(ApplicationFilterChain.java:175), org.apache.catalina.core.ApplicationFilterChain.doFilter(ApplicationFilterChain.java:150), org.springframework.web.filter.CompositeFilter$VirtualFilterChain.doFilter(CompositeFilter.java:108), org.springframework.security.web.FilterChainProxy.lambda$doFilterInternal$3(FilterChainProxy.java:231), org.springframework.security.web.FilterChainProxy$VirtualFilterChain.doFilter(FilterChainProxy.java:365), org.springframework.security.web.access.intercept.AuthorizationFilter.doFilter(AuthorizationFilter.java:100), org.springframework.security.web.FilterChainProxy$VirtualFilterChain.doFilter(FilterChainProxy.java:374), org.springframework.security.web.access.ExceptionTranslationFilter.doFilter(ExceptionTranslationFilter.java:126), org.springframework.security.web.access.ExceptionTranslationFilter.doFilter(ExceptionTranslationFilter.java:120), org.springframework.security.web.FilterChainProxy$VirtualFilterChain.doFilter(FilterChainProxy.java:374), org.springframework.security.web.session.SessionManagementFilter.doFilter(SessionManagementFilter.java:131), org.springframework.security.web.session.SessionManagementFilter.doFilter(SessionManagementFilter.java:85), org.springframework.security.web.FilterChainProxy$VirtualFilterChain.doFilter(FilterChainProxy.java:374), org.springframework.security.web.authentication.AnonymousAuthenticationFilter.doFilter(AnonymousAuthenticationFilter.java:100), org.springframework.security.web.FilterChainProxy$VirtualFilterChain.doFilter(FilterChainProxy.java:374), org.springframework.security.web.servletapi.SecurityContextHolderAwareRequestFilter.doFilter(SecurityContextHolderAwareRequestFilter.java:179), org.springframework.security.web.FilterChainProxy$VirtualFilterChain.doFilter(FilterChainProxy.java:374), org.springframework.security.web.savedrequest.RequestCacheAwareFilter.doFilter(RequestCacheAwareFilter.java:63), org.springframework.security.web.FilterChainProxy$VirtualFilterChain.doFilter(FilterChainProxy.java:374), com.swagger.swagger.jwt.JwtFilter.doFilterInternal(JwtFilter.java:42), org.springframework.web.filter.OncePerRequestFilter.doFilter(OncePerRequestFilter.java:116), org.springframework.security.web.FilterChainProxy$VirtualFilterChain.doFilter(FilterChainProxy.java:374), org.springframework.security.web.authentication.logout.LogoutFilter.doFilter(LogoutFilter.java:107), org.springframework.security.web.authentication.logout.LogoutFilter.doFilter(LogoutFilter.java:93), org.springframework.security.web.FilterChainProxy$VirtualFilterChain.doFilter(FilterChainProxy.java:374), org.springframework.security.web.header.HeaderWriterFilter.doHeadersAfter(HeaderWriterFilter.java:90), org.springframework.security.web.header.HeaderWriterFilter.doFilterInternal(HeaderWriterFilter.java:75), org.springframework.web.filter.OncePerRequestFilter.doFilter(OncePerRequestFilter.java:116), org.springframework.security.web.FilterChainProxy$VirtualFilterChain.doFilter(FilterChainProxy.java:374), org.springframework.security.web.context.SecurityContextHolderFilter.doFilter(SecurityContextHolderFilter.java:82), org.springframework.security.web.context.SecurityContextHolderFilter.doFilter(SecurityContextHolderFilter.java:69), org.springframework.security.web.FilterChainProxy$VirtualFilterChain.doFilter(FilterChainProxy.java:374), org.springframework.security.web.context.request.async.WebAsyncManagerIntegrationFilter.doFilterInternal(WebAsyncManagerIntegrationFilter.java:62), org.springframework.web.filter.OncePerRequestFilter.doFilter(OncePerRequestFilter.java:116), org.springframework.security.web.FilterChainProxy$VirtualFilterChain.doFilter(FilterChainProxy.java:374), org.springframework.security.web.session.DisableEncodeUrlFilter.doFilterInternal(DisableEncodeUrlFilter.java:42), org.springframework.web.filter.OncePerRequestFilter.doFilter(OncePerRequestFilter.java:116), org.springframework.security.web.FilterChainProxy$VirtualFilterChain.doFilter(FilterChainProxy.java:374), org.springframework.security.web.FilterChainProxy.doFilterInternal(FilterChainProxy.java:233), org.springframework.security.web.FilterChainProxy.doFilter(FilterChainProxy.java:191), org.springframework.web.filter.CompositeFilter$VirtualFilterChain.doFilter(CompositeFilter.java:113), org.springframework.web.servlet.handler.HandlerMappingIntrospector.lambda$createCacheFilter$3(HandlerMappingIntrospector.java:195), org.springframework.web.filter.CompositeFilter$VirtualFilterChain.doFilter(CompositeFilter.java:113), org.springframework.web.filter.CompositeFilter.doFilter(CompositeFilter.java:74), org.springframework.security.config.annotation.web.configuration.WebMvcSecurityConfiguration$CompositeFilterChainProxy.doFilter(WebMvcSecurityConfiguration.java:230), org.springframework.web.filter.DelegatingFilterProxy.invokeDelegate(DelegatingFilterProxy.java:352), org.springframework.web.filter.DelegatingFilterProxy.doFilter(DelegatingFilterProxy.java:268), org.apache.catalina.core.ApplicationFilterChain.internalDoFilter(ApplicationFilterChain.java:175), org.apache.catalina.core.ApplicationFilterChain.doFilter(ApplicationFilterChain.java:150), org.springframework.web.filter.RequestContextFilter.doFilterInternal(RequestContextFilter.java:100), org.springframework.web.filter.OncePerRequestFilter.doFilter(OncePerRequestFilter.java:116), org.apache.catalina.core.ApplicationFilterChain.internalDoFilter(ApplicationFilterChain.java:175), org.apache.catalina.core.ApplicationFilterChain.doFilter(ApplicationFilterChain.java:150), org.springframework.web.filter.FormContentFilter.doFilterInternal(FormContentFilter.java:93), org.springframework.web.filter.OncePerRequestFilter.doFilter(OncePerRequestFilter.java:116), org.apache.catalina.core.ApplicationFilterChain.internalDoFilter(ApplicationFilterChain.java:175), org.apache.catalina.core.ApplicationFilterChain.doFilter(ApplicationFilterChain.java:150), org.springframework.web.filter.CharacterEncodingFilter.doFilterInternal(CharacterEncodingFilter.java:201), org.springframework.web.filter.OncePerRequestFilter.doFilter(OncePerRequestFilter.java:116), org.apache.catalina.core.ApplicationFilterChain.internalDoFilter(ApplicationFilterChain.java:175), org.apache.catalina.core.ApplicationFilterChain.doFilter(ApplicationFilterChain.java:150), org.apache.catalina.core.StandardWrapperValve.invoke(StandardWrapperValve.java:167), org.apache.catalina.core.StandardContextValve.invoke(StandardContextValve.java:90), org.apache.catalina.authenticator.AuthenticatorBase.invoke(AuthenticatorBase.java:482), org.apache.catalina.core.StandardHostValve.invoke(StandardHostValve.java:115), org.apache.catalina.valves.ErrorReportValve.invoke(ErrorReportValve.java:93), org.apache.catalina.core.StandardEngineValve.invoke(StandardEngineValve.java:74), org.apache.catalina.connector.CoyoteAdapter.service(CoyoteAdapter.java:344), org.apache.coyote.http11.Http11Processor.service(Http11Processor.java:391), org.apache.coyote.AbstractProcessorLight.process(AbstractProcessorLight.java:63), org.apache.coyote.AbstractProtocol$ConnectionHandler.process(AbstractProtocol.java:896), org.apache.tomcat.util.net.NioEndpoint$SocketProcessor.doRun(NioEndpoint.java:1736), org.apache.tomcat.util.net.SocketProcessorBase.run(SocketProcessorBase.java:52), org.apache.tomcat.util.threads.ThreadPoolExecutor.runWorker(ThreadPoolExecutor.java:1191), org.apache.tomcat.util.threads.ThreadPoolExecutor$Worker.run(ThreadPoolExecutor.java:659), org.apache.tomcat.util.threads.TaskThread$WrappingRunnable.run(TaskThread.java:63), java.base/java.lang.Thread.run(Thread.java:842)]','2024-05-20'),(9,'JSON parse error: Unexpected character (\'}\' (code 125)): was expecting double-quote to start field name','[org.springframework.http.converter.json.AbstractJackson2HttpMessageConverter.readJavaType(AbstractJackson2HttpMessageConverter.java:406), org.springframework.http.converter.json.AbstractJackson2HttpMessageConverter.read(AbstractJackson2HttpMessageConverter.java:354), org.springframework.web.servlet.mvc.method.annotation.AbstractMessageConverterMethodArgumentResolver.readWithMessageConverters(AbstractMessageConverterMethodArgumentResolver.java:184), org.springframework.web.servlet.mvc.method.annotation.RequestResponseBodyMethodProcessor.readWithMessageConverters(RequestResponseBodyMethodProcessor.java:161), org.springframework.web.servlet.mvc.method.annotation.RequestResponseBodyMethodProcessor.resolveArgument(RequestResponseBodyMethodProcessor.java:135), org.springframework.web.method.support.HandlerMethodArgumentResolverComposite.resolveArgument(HandlerMethodArgumentResolverComposite.java:122), org.springframework.web.method.support.InvocableHandlerMethod.getMethodArgumentValues(InvocableHandlerMethod.java:224), org.springframework.web.method.support.InvocableHandlerMethod.invokeForRequest(InvocableHandlerMethod.java:178), org.springframework.web.servlet.mvc.method.annotation.ServletInvocableHandlerMethod.invokeAndHandle(ServletInvocableHandlerMethod.java:118), org.springframework.web.servlet.mvc.method.annotation.RequestMappingHandlerAdapter.invokeHandlerMethod(RequestMappingHandlerAdapter.java:926), org.springframework.web.servlet.mvc.method.annotation.RequestMappingHandlerAdapter.handleInternal(RequestMappingHandlerAdapter.java:831), org.springframework.web.servlet.mvc.method.AbstractHandlerMethodAdapter.handle(AbstractHandlerMethodAdapter.java:87), org.springframework.web.servlet.DispatcherServlet.doDispatch(DispatcherServlet.java:1089), org.springframework.web.servlet.DispatcherServlet.doService(DispatcherServlet.java:979), org.springframework.web.servlet.FrameworkServlet.processRequest(FrameworkServlet.java:1014), org.springframework.web.servlet.FrameworkServlet.doPost(FrameworkServlet.java:914), jakarta.servlet.http.HttpServlet.service(HttpServlet.java:590), org.springframework.web.servlet.FrameworkServlet.service(FrameworkServlet.java:885), jakarta.servlet.http.HttpServlet.service(HttpServlet.java:658), org.apache.catalina.core.ApplicationFilterChain.internalDoFilter(ApplicationFilterChain.java:206), org.apache.catalina.core.ApplicationFilterChain.doFilter(ApplicationFilterChain.java:150), org.apache.tomcat.websocket.server.WsFilter.doFilter(WsFilter.java:51), org.apache.catalina.core.ApplicationFilterChain.internalDoFilter(ApplicationFilterChain.java:175), org.apache.catalina.core.ApplicationFilterChain.doFilter(ApplicationFilterChain.java:150), org.springframework.web.filter.OncePerRequestFilter.doFilter(OncePerRequestFilter.java:110), org.apache.catalina.core.ApplicationFilterChain.internalDoFilter(ApplicationFilterChain.java:175), org.apache.catalina.core.ApplicationFilterChain.doFilter(ApplicationFilterChain.java:150), org.springframework.web.servlet.resource.ResourceUrlEncodingFilter.doFilter(ResourceUrlEncodingFilter.java:66), org.apache.catalina.core.ApplicationFilterChain.internalDoFilter(ApplicationFilterChain.java:175), org.apache.catalina.core.ApplicationFilterChain.doFilter(ApplicationFilterChain.java:150), org.springframework.web.filter.CompositeFilter$VirtualFilterChain.doFilter(CompositeFilter.java:108), org.springframework.security.web.FilterChainProxy.lambda$doFilterInternal$3(FilterChainProxy.java:231), org.springframework.security.web.FilterChainProxy$VirtualFilterChain.doFilter(FilterChainProxy.java:365), org.springframework.security.web.access.intercept.AuthorizationFilter.doFilter(AuthorizationFilter.java:100), org.springframework.security.web.FilterChainProxy$VirtualFilterChain.doFilter(FilterChainProxy.java:374), org.springframework.security.web.access.ExceptionTranslationFilter.doFilter(ExceptionTranslationFilter.java:126), org.springframework.security.web.access.ExceptionTranslationFilter.doFilter(ExceptionTranslationFilter.java:120), org.springframework.security.web.FilterChainProxy$VirtualFilterChain.doFilter(FilterChainProxy.java:374), org.springframework.security.web.session.SessionManagementFilter.doFilter(SessionManagementFilter.java:131), org.springframework.security.web.session.SessionManagementFilter.doFilter(SessionManagementFilter.java:85), org.springframework.security.web.FilterChainProxy$VirtualFilterChain.doFilter(FilterChainProxy.java:374), org.springframework.security.web.authentication.AnonymousAuthenticationFilter.doFilter(AnonymousAuthenticationFilter.java:100), org.springframework.security.web.FilterChainProxy$VirtualFilterChain.doFilter(FilterChainProxy.java:374), org.springframework.security.web.servletapi.SecurityContextHolderAwareRequestFilter.doFilter(SecurityContextHolderAwareRequestFilter.java:179), org.springframework.security.web.FilterChainProxy$VirtualFilterChain.doFilter(FilterChainProxy.java:374), org.springframework.security.web.savedrequest.RequestCacheAwareFilter.doFilter(RequestCacheAwareFilter.java:63), org.springframework.security.web.FilterChainProxy$VirtualFilterChain.doFilter(FilterChainProxy.java:374), com.swagger.swagger.jwt.JwtFilter.doFilterInternal(JwtFilter.java:42), org.springframework.web.filter.OncePerRequestFilter.doFilter(OncePerRequestFilter.java:116), org.springframework.security.web.FilterChainProxy$VirtualFilterChain.doFilter(FilterChainProxy.java:374), org.springframework.security.web.authentication.logout.LogoutFilter.doFilter(LogoutFilter.java:107), org.springframework.security.web.authentication.logout.LogoutFilter.doFilter(LogoutFilter.java:93), org.springframework.security.web.FilterChainProxy$VirtualFilterChain.doFilter(FilterChainProxy.java:374), org.springframework.security.web.header.HeaderWriterFilter.doHeadersAfter(HeaderWriterFilter.java:90), org.springframework.security.web.header.HeaderWriterFilter.doFilterInternal(HeaderWriterFilter.java:75), org.springframework.web.filter.OncePerRequestFilter.doFilter(OncePerRequestFilter.java:116), org.springframework.security.web.FilterChainProxy$VirtualFilterChain.doFilter(FilterChainProxy.java:374), org.springframework.security.web.context.SecurityContextHolderFilter.doFilter(SecurityContextHolderFilter.java:82), org.springframework.security.web.context.SecurityContextHolderFilter.doFilter(SecurityContextHolderFilter.java:69), org.springframework.security.web.FilterChainProxy$VirtualFilterChain.doFilter(FilterChainProxy.java:374), org.springframework.security.web.context.request.async.WebAsyncManagerIntegrationFilter.doFilterInternal(WebAsyncManagerIntegrationFilter.java:62), org.springframework.web.filter.OncePerRequestFilter.doFilter(OncePerRequestFilter.java:116), org.springframework.security.web.FilterChainProxy$VirtualFilterChain.doFilter(FilterChainProxy.java:374), org.springframework.security.web.session.DisableEncodeUrlFilter.doFilterInternal(DisableEncodeUrlFilter.java:42), org.springframework.web.filter.OncePerRequestFilter.doFilter(OncePerRequestFilter.java:116), org.springframework.security.web.FilterChainProxy$VirtualFilterChain.doFilter(FilterChainProxy.java:374), org.springframework.security.web.FilterChainProxy.doFilterInternal(FilterChainProxy.java:233), org.springframework.security.web.FilterChainProxy.doFilter(FilterChainProxy.java:191), org.springframework.web.filter.CompositeFilter$VirtualFilterChain.doFilter(CompositeFilter.java:113), org.springframework.web.servlet.handler.HandlerMappingIntrospector.lambda$createCacheFilter$3(HandlerMappingIntrospector.java:195), org.springframework.web.filter.CompositeFilter$VirtualFilterChain.doFilter(CompositeFilter.java:113), org.springframework.web.filter.CompositeFilter.doFilter(CompositeFilter.java:74), org.springframework.security.config.annotation.web.configuration.WebMvcSecurityConfiguration$CompositeFilterChainProxy.doFilter(WebMvcSecurityConfiguration.java:230), org.springframework.web.filter.DelegatingFilterProxy.invokeDelegate(DelegatingFilterProxy.java:352), org.springframework.web.filter.DelegatingFilterProxy.doFilter(DelegatingFilterProxy.java:268), org.apache.catalina.core.ApplicationFilterChain.internalDoFilter(ApplicationFilterChain.java:175), org.apache.catalina.core.ApplicationFilterChain.doFilter(ApplicationFilterChain.java:150), org.springframework.web.filter.RequestContextFilter.doFilterInternal(RequestContextFilter.java:100), org.springframework.web.filter.OncePerRequestFilter.doFilter(OncePerRequestFilter.java:116), org.apache.catalina.core.ApplicationFilterChain.internalDoFilter(ApplicationFilterChain.java:175), org.apache.catalina.core.ApplicationFilterChain.doFilter(ApplicationFilterChain.java:150), org.springframework.web.filter.FormContentFilter.doFilterInternal(FormContentFilter.java:93), org.springframework.web.filter.OncePerRequestFilter.doFilter(OncePerRequestFilter.java:116), org.apache.catalina.core.ApplicationFilterChain.internalDoFilter(ApplicationFilterChain.java:175), org.apache.catalina.core.ApplicationFilterChain.doFilter(ApplicationFilterChain.java:150), org.springframework.web.filter.CharacterEncodingFilter.doFilterInternal(CharacterEncodingFilter.java:201), org.springframework.web.filter.OncePerRequestFilter.doFilter(OncePerRequestFilter.java:116), org.apache.catalina.core.ApplicationFilterChain.internalDoFilter(ApplicationFilterChain.java:175), org.apache.catalina.core.ApplicationFilterChain.doFilter(ApplicationFilterChain.java:150), org.apache.catalina.core.StandardWrapperValve.invoke(StandardWrapperValve.java:167), org.apache.catalina.core.StandardContextValve.invoke(StandardContextValve.java:90), org.apache.catalina.authenticator.AuthenticatorBase.invoke(AuthenticatorBase.java:482), org.apache.catalina.core.StandardHostValve.invoke(StandardHostValve.java:115), org.apache.catalina.valves.ErrorReportValve.invoke(ErrorReportValve.java:93), org.apache.catalina.core.StandardEngineValve.invoke(StandardEngineValve.java:74), org.apache.catalina.connector.CoyoteAdapter.service(CoyoteAdapter.java:344), org.apache.coyote.http11.Http11Processor.service(Http11Processor.java:391), org.apache.coyote.AbstractProcessorLight.process(AbstractProcessorLight.java:63), org.apache.coyote.AbstractProtocol$ConnectionHandler.process(AbstractProtocol.java:896), org.apache.tomcat.util.net.NioEndpoint$SocketProcessor.doRun(NioEndpoint.java:1736), org.apache.tomcat.util.net.SocketProcessorBase.run(SocketProcessorBase.java:52), org.apache.tomcat.util.threads.ThreadPoolExecutor.runWorker(ThreadPoolExecutor.java:1191), org.apache.tomcat.util.threads.ThreadPoolExecutor$Worker.run(ThreadPoolExecutor.java:659), org.apache.tomcat.util.threads.TaskThread$WrappingRunnable.run(TaskThread.java:63), java.base/java.lang.Thread.run(Thread.java:842)]','2024-05-20');
/*!40000 ALTER TABLE `error` ENABLE KEYS */;
UNLOCK TABLES;

--
-- Table structure for table `roles`
--

DROP TABLE IF EXISTS `roles`;
/*!40101 SET @saved_cs_client     = @@character_set_client */;
/*!50503 SET character_set_client = utf8mb4 */;
CREATE TABLE `roles` (
  `role_id` int NOT NULL AUTO_INCREMENT,
  `name` varchar(255) DEFAULT NULL,
  PRIMARY KEY (`role_id`)
) ENGINE=InnoDB AUTO_INCREMENT=9 DEFAULT CHARSET=utf8mb4 COLLATE=utf8mb4_0900_ai_ci;
/*!40101 SET character_set_client = @saved_cs_client */;

--
-- Dumping data for table `roles`
--

LOCK TABLES `roles` WRITE;
/*!40000 ALTER TABLE `roles` DISABLE KEYS */;
INSERT INTO `roles` VALUES (1,'USER'),(2,'CREATOR'),(3,'EDITOR'),(4,'ADMIN');
/*!40000 ALTER TABLE `roles` ENABLE KEYS */;
UNLOCK TABLES;

--
-- Table structure for table `users`
--

DROP TABLE IF EXISTS `users`;
/*!40101 SET @saved_cs_client     = @@character_set_client */;
/*!50503 SET character_set_client = utf8mb4 */;
CREATE TABLE `users` (
  `enabled` bit(1) NOT NULL,
  `user_id` int NOT NULL AUTO_INCREMENT,
  `password` varchar(255) DEFAULT NULL,
  `username` varchar(255) DEFAULT NULL,
  `verification_code` varchar(1000) DEFAULT NULL,
  PRIMARY KEY (`user_id`)
) ENGINE=InnoDB AUTO_INCREMENT=32 DEFAULT CHARSET=utf8mb4 COLLATE=utf8mb4_0900_ai_ci;
/*!40101 SET character_set_client = @saved_cs_client */;

--
-- Dumping data for table `users`
--

LOCK TABLES `users` WRITE;
/*!40000 ALTER TABLE `users` DISABLE KEYS */;
INSERT INTO `users` VALUES (_binary '',1,'$2a$10$CyefWJgOyIocTjMqxjgi7esrJx7lEH/oD3baqwWNk.ZGUucbjngnC','patrick',NULL),(_binary '',2,'$2a$10$CyefWJgOyIocTjMqxjgi7esrJx7lEH/oD3baqwWNk.ZGUucbjngnC','alex',NULL),(_binary '',3,'$2a$10$CyefWJgOyIocTjMqxjgi7esrJx7lEH/oD3baqwWNk.ZGUucbjngnC','john',NULL),(_binary '',4,'$2a$10$CyefWJgOyIocTjMqxjgi7esrJx7lEH/oD3baqwWNk.ZGUucbjngnC','namhm',NULL),(_binary '',5,'$2a$10$CyefWJgOyIocTjMqxjgi7esrJx7lEH/oD3baqwWNk.ZGUucbjngnC','admin',NULL),(_binary '',6,'$2a$10$CyefWJgOyIocTjMqxjgi7esrJx7lEH/oD3baqwWNk.ZGUucbjngnC','trung',NULL),(_binary '',7,'$2a$10$CyefWJgOyIocTjMqxjgi7esrJx7lEH/oD3baqwWNk.ZGUucbjngnC','hai',NULL),(_binary '',8,'$2a$10$K9nkWimHt.89l.vZsmhjuO4ZhaeT0233BqF8PtZcrqoUuGDQ4QdRq','bach',NULL),(_binary '\0',9,'$2a$10$K9nkWimHt.89l.vZsmhjuO4ZhaeT0233BqF8PtZcrqoUuGDQ4QdRq','thai',NULL),(_binary '\0',10,'$2a$10$TZPCL6eBRfi9LTJth.jzTeWV9pGJ5EyXkPMoJXoy9yDpslp/tT8Ri','trinh','W6S2Kybz-W7OUdvQa2BJpgi0VHbs7M1_A9yHL5PVvXc4uS4kIqQOXtI4xMVrbMamHpjGhewC559ruvK2PEtl1Q'),(_binary '',15,'$2a$10$ICKOTNcEoaxI/NAf5xJPPOkWXlZYhoQxTqBV2h3Mt3ajs4qdj8ldC','hoanghaido2003@gmail.com','BNSutyVpF9HUBzROggBHrg7BQnMxWtn5xtB_Ng3dxOXbVR3nugVtkOtfN0uJ7M01GHZOiwozvmUxXqNN5t2r8g'),(_binary '',17,'$2a$10$flYGgWYfeF4YkW3Wjqn3sebnbBMXzf2BBfdB9zBoSwVHG28isnXDa','dang',NULL),(_binary '',23,'$2a$10$QBWYSaMebaKVCDQqAhvGY.uQtp4rLgPtxCgjmUIuBs2BqnOmltqgK','good',NULL),(_binary '',24,'$2a$10$vumvgtY2zcoMnDHZlmU8peSvcgDXPRgdKPP1ph5eWY.9bbe38z5IW','string',NULL),(_binary '',27,'$2a$10$6IY9GtZkZmoUHWMNcaNJyeo6k67dPpfSuxlh06RHG9uJshlKNXKvy','lam',NULL);
/*!40000 ALTER TABLE `users` ENABLE KEYS */;
UNLOCK TABLES;

--
-- Table structure for table `users_roles`
--

DROP TABLE IF EXISTS `users_roles`;
/*!40101 SET @saved_cs_client     = @@character_set_client */;
/*!50503 SET character_set_client = utf8mb4 */;
CREATE TABLE `users_roles` (
  `role_id` int NOT NULL,
  `user_id` int NOT NULL,
  PRIMARY KEY (`role_id`,`user_id`),
  KEY `FK2o0jvgh89lemvvo17cbqvdxaa` (`user_id`),
  CONSTRAINT `FK2o0jvgh89lemvvo17cbqvdxaa` FOREIGN KEY (`user_id`) REFERENCES `users` (`user_id`),
  CONSTRAINT `FKj6m8fwv7oqv74fcehir1a9ffy` FOREIGN KEY (`role_id`) REFERENCES `roles` (`role_id`)
) ENGINE=InnoDB DEFAULT CHARSET=utf8mb4 COLLATE=utf8mb4_0900_ai_ci;
/*!40101 SET character_set_client = @saved_cs_client */;

--
-- Dumping data for table `users_roles`
--

LOCK TABLES `users_roles` WRITE;
/*!40000 ALTER TABLE `users_roles` DISABLE KEYS */;
INSERT INTO `users_roles` VALUES (1,1),(2,2),(3,3),(2,4),(3,4),(4,5),(1,6),(1,7),(1,8),(1,9),(1,10),(1,15);
/*!40000 ALTER TABLE `users_roles` ENABLE KEYS */;
UNLOCK TABLES;
/*!40103 SET TIME_ZONE=@OLD_TIME_ZONE */;

/*!40101 SET SQL_MODE=@OLD_SQL_MODE */;
/*!40014 SET FOREIGN_KEY_CHECKS=@OLD_FOREIGN_KEY_CHECKS */;
/*!40014 SET UNIQUE_CHECKS=@OLD_UNIQUE_CHECKS */;
/*!40101 SET CHARACTER_SET_CLIENT=@OLD_CHARACTER_SET_CLIENT */;
/*!40101 SET CHARACTER_SET_RESULTS=@OLD_CHARACTER_SET_RESULTS */;
/*!40101 SET COLLATION_CONNECTION=@OLD_COLLATION_CONNECTION */;
/*!40111 SET SQL_NOTES=@OLD_SQL_NOTES */;

-- Dump completed on 2024-05-20 20:17:58
